,0 battery,0 pumped_hydro,1 battery,1 pumped_hydro,10 battery,10 pumped_hydro,11 battery,2 battery,2 pumped_hydro,3 battery,3 pumped_hydro,4 battery,4 pumped_hydro,5 battery,6 battery,6 pumped_hydro,7 battery,7 pumped_hydro,8 battery
0,0.0,0.0,770.2272642510061,0.0,0.0,0.0,0.0,0.0,0.0,0.0,0.0,0.0,0.0,0.0,10432.4677928,0.0,4949.000779530008,4004.0,0.0
1,0.0,0.0,0.0,0.0,0.0,0.0,0.0,0.0,0.0,0.0,0.0,0.0,0.0,0.0,8940.535679101988,0.0,4949.00077953,4004.0,0.0
2,0.0,0.0,0.0,0.0,0.0,0.0,0.0,0.0,0.0,0.0,0.0,0.0,0.0,0.0,5130.877375310985,0.0,4949.00077953,2940.7195518619974,0.0
3,0.0,0.0,1350.0,0.0,0.0,0.0,0.0,0.0,0.0,0.0,0.0,0.0,0.0,0.0,220.57528315899785,0.0,2721.045050168005,0.0,0.0
4,0.0,0.0,0.0,0.0,0.0,0.0,0.0,0.0,0.0,0.0,0.0,0.0,0.0,0.0,0.0,0.0,0.0,0.0,0.0
5,0.0,0.0,0.0,0.0,0.0,0.0,0.0,0.0,0.0,0.0,0.0,0.0,0.0,0.0,0.0,0.0,0.0,0.0,0.0
6,0.0,0.0,0.0,0.0,0.0,0.0,0.0,0.0,0.0,0.0,0.0,0.0,0.0,0.0,43.506548229983295,0.0,0.0,0.0,0.0
7,0.0,0.0,0.0,0.0,0.0,0.0,0.0,0.0,0.0,0.0,0.0,0.0,0.0,0.0,1675.9334199089974,0.0,0.0,0.0,0.0
8,0.0,0.0,0.0,0.0,0.0,0.0,0.0,0.0,0.0,0.0,0.0,0.0,0.0,0.0,4767.837197267002,0.0,0.0,0.0,0.0
9,0.0,0.0,1350.0,0.0,0.0,0.0,0.0,0.0,0.0,0.0,0.0,0.0,0.0,0.0,3019.1397033749886,0.0,0.0,0.0,0.0
10,0.0,0.0,1350.0,0.0,0.0,0.0,0.0,0.0,0.0,0.0,0.0,0.0,0.0,0.0,1740.720804850985,0.0,2863.224864038016,0.0,1748.711162901499
11,0.0,0.0,1350.0,0.0,0.0,0.0,0.0,0.0,0.0,0.0,0.0,0.0,0.0,0.0,351.23547473699,0.0,18.669826714712762,4004.0,1508.1552523135006
12,0.0,0.0,0.0,0.0,0.0,0.0,0.0,0.0,0.0,0.0,0.0,0.0,0.0,0.0,0.0,0.0,323.0865077306141,4004.0,0.0
13,0.0,0.0,0.0,0.0,0.0,0.0,0.0,0.0,0.0,0.0,0.0,0.0,0.0,0.0,0.0,0.0,4679.167420142625,0.0,0.0
14,0.0,0.0,0.0,0.0,0.0,0.0,0.0,0.0,0.0,0.0,0.0,0.0,0.0,0.0,0.0,0.0,4949.00077953,353.3670707796008,0.0
15,0.0,0.0,0.0,0.0,0.0,0.0,0.0,0.0,0.0,0.0,0.0,0.0,0.0,0.0,0.0,0.0,0.0,2512.778146863606,0.0
16,1767.57494945,0.0,1350.0,0.0,625.0,154.0023804088244,0.0,0.0,0.0,1337.00503955,0.0,0.0,0.0,0.0,5458.735912341999,0.0,212.65539418859953,4004.0,2025.02449595
17,0.0,0.0,0.0,0.0,0.0,0.0,0.0,0.0,0.0,0.0,0.0,0.0,0.0,0.0,0.0,0.0,3930.7333296506094,0.0,0.0
18,0.0,0.0,0.0,0.0,0.0,0.0,0.0,0.0,0.0,0.0,0.0,0.0,0.0,0.0,0.0,0.0,3876.2934208426236,0.0,0.0
19,0.0,0.0,0.0,0.0,0.0,0.0,0.0,0.0,0.0,0.0,0.0,0.0,0.0,0.0,0.0,0.0,0.0,0.0,0.0
20,0.0,0.0,0.0,0.0,0.0,0.0,0.0,0.0,0.0,0.0,0.0,0.0,0.0,0.0,0.0,0.0,923.6966688009384,4004.0,0.0
21,0.0,0.0,0.0,0.0,0.0,0.0,0.0,0.0,0.0,0.0,0.0,0.0,0.0,0.0,0.0,0.0,3306.6847012996104,0.0,0.0
22,0.0,0.0,0.0,0.0,0.0,0.0,0.0,0.0,0.0,0.0,0.0,0.0,0.0,0.0,0.0,0.0,0.0,0.0,0.0
23,0.0,0.0,0.0,0.0,0.0,0.0,0.0,0.0,0.0,0.0,0.0,0.0,0.0,0.0,0.0,0.0,0.0,0.0,0.0
24,0.0,0.0,0.0,0.0,0.0,0.0,0.0,0.0,0.0,0.0,0.0,0.0,0.0,0.0,0.0,0.0,0.0,0.0,0.0
25,0.0,0.0,0.0,0.0,0.0,0.0,0.0,0.0,0.0,0.0,0.0,0.0,0.0,0.0,0.0,0.0,0.0,0.0,0.0
26,0.0,0.0,0.0,0.0,0.0,0.0,0.0,0.0,0.0,0.0,0.0,0.0,0.0,0.0,0.0,0.0,0.0,0.0,0.0
27,0.0,0.0,0.0,0.0,0.0,0.0,0.0,0.0,0.0,0.0,0.0,0.0,0.0,0.0,0.0,0.0,2364.1894489549227,1923.249082860666,0.0
28,0.0,0.0,0.0,0.0,0.0,0.0,0.0,0.0,0.0,0.0,0.0,0.0,0.0,0.0,0.0,0.0,0.0,0.0,0.0
29,0.0,0.0,0.0,0.0,0.0,0.0,0.0,0.0,0.0,0.0,0.0,0.0,0.0,0.0,0.0,0.0,0.0,0.0,0.0
30,0.0,0.0,0.0,0.0,0.0,0.0,0.0,0.0,0.0,0.0,0.0,0.0,0.0,0.0,0.0,0.0,0.0,0.0,0.0
31,0.0,0.0,0.0,0.0,0.0,0.0,0.0,0.0,0.0,0.0,0.0,0.0,0.0,0.0,0.0,0.0,0.0,0.0,0.0
32,1696.8719514709608,0.0,1350.0,0.0,625.0,0.0,0.0,1047.2089756,0.0,1337.00503955,0.0,0.0,0.0,1191.17601695,4090.4627928849804,0.0,0.0,0.0,0.0
33,0.0,0.0,1350.0,0.0,625.0,0.0,0.0,1047.2089756,0.0,0.0,0.0,420.38566383314674,0.0,1191.17601695,0.0,0.0,1582.7014830689197,0.0,2025.02449595
34,0.0,0.0,0.0,0.0,0.0,0.0,0.0,0.0,0.0,0.0,0.0,0.0,0.0,0.0,0.0,0.0,0.0,0.0,0.0
35,0.0,0.0,0.0,0.0,0.0,0.0,0.0,0.0,0.0,0.0,0.0,0.0,0.0,0.0,0.0,0.0,255.47302725785926,0.0,0.0
36,0.0,0.0,0.0,0.0,0.0,0.0,0.0,0.0,0.0,0.0,0.0,0.0,0.0,0.0,0.0,0.0,0.0,0.0,0.0
37,0.0,0.0,0.0,0.0,0.0,0.0,0.0,0.0,0.0,0.0,0.0,0.0,0.0,0.0,0.0,0.0,0.0,0.0,0.0
38,0.0,0.0,0.0,0.0,0.0,0.0,0.0,0.0,0.0,0.0,0.0,0.0,0.0,0.0,0.0,0.0,1465.100788223924,0.0,0.0
39,0.0,0.0,0.0,0.0,0.0,0.0,0.0,0.0,0.0,0.0,0.0,0.0,0.0,0.0,0.0,0.0,0.0,647.7040994395985,0.0
40,0.0,0.0,0.0,0.0,0.0,0.0,0.0,0.0,0.0,0.0,0.0,0.0,0.0,0.0,0.0,0.0,3500.368196488887,326.1145175606213,0.0
41,0.0,0.0,0.0,0.0,0.0,0.0,0.0,0.0,0.0,0.0,0.0,0.0,0.0,0.0,0.0,0.0,0.0,0.0,0.0
42,0.0,0.0,0.0,0.0,0.0,0.0,0.0,0.0,0.0,0.0,0.0,0.0,0.0,0.0,0.0,0.0,0.0,0.0,0.0
43,0.0,0.0,0.0,0.0,0.0,0.0,0.0,0.0,0.0,0.0,0.0,0.0,0.0,0.0,0.0,0.0,0.0,0.0,0.0
44,0.0,0.0,0.0,0.0,0.0,0.0,0.0,0.0,0.0,0.0,0.0,0.0,0.0,0.0,0.0,0.0,0.0,0.0,0.0
45,0.0,0.0,0.0,0.0,0.0,0.0,0.0,0.0,0.0,0.0,0.0,0.0,0.0,0.0,0.0,0.0,0.0,0.0,0.0
46,0.0,0.0,0.0,0.0,0.0,0.0,0.0,0.0,0.0,0.0,0.0,0.0,0.0,0.0,0.0,0.0,0.0,0.0,0.0
47,0.0,0.0,0.0,0.0,0.0,0.0,0.0,0.0,0.0,0.0,0.0,0.0,0.0,0.0,0.0,0.0,0.0,0.0,0.0
48,0.0,0.0,0.0,0.0,0.0,0.0,0.0,0.0,0.0,0.0,0.0,0.0,0.0,0.0,0.0,0.0,0.0,0.0,0.0
49,0.0,0.0,0.0,0.0,0.0,0.0,0.0,0.0,0.0,0.0,0.0,0.0,0.0,0.0,0.0,0.0,0.0,0.0,0.0
50,0.0,0.0,0.0,0.0,0.0,0.0,0.0,0.0,0.0,0.0,0.0,0.0,0.0,0.0,0.0,0.0,0.0,0.0,0.0
51,0.0,0.0,0.0,0.0,0.0,0.0,0.0,0.0,0.0,0.0,0.0,0.0,0.0,0.0,0.0,0.0,0.0,0.0,0.0
52,0.0,0.0,0.0,0.0,0.0,0.0,0.0,0.0,0.0,0.0,0.0,0.0,0.0,0.0,0.0,0.0,4672.682590335626,0.0,0.0
53,0.0,0.0,0.0,0.0,0.0,0.0,0.0,0.0,0.0,0.0,0.0,0.0,0.0,0.0,0.0,0.0,438.3851422746022,0.0,0.0
54,0.0,0.0,0.0,0.0,0.0,0.0,0.0,0.0,0.0,0.0,0.0,0.0,0.0,4.901823455981685,0.0,0.0,698.2734763272723,0.0,0.0
55,1767.57494945,0.0,0.0,0.0,0.0,0.0,32.84034308584296,0.0,3989.0,0.0,134.87440106464493,6931.701538656123,6775.2,169.63059486780003,0.0,1800.0,0.0,0.0,0.0
56,1767.57494945,300.0,1350.0,1395.0,625.0,1323.099976,1099.0902173776399,1047.2089756,3989.0,1337.00503955,687.5999756,16800.4773289,166.3443970518999,1191.17601695,10432.4677928,1800.0,0.0,0.0,1779.5416763600865
57,1767.57494945,300.0,1350.0,0.0,0.0,0.0,1969.41624564984,920.2614682763655,3989.0,0.0,687.5999756,0.0,6775.2,737.0923068397997,10432.4677928,1800.0,0.0,0.0,2025.02449595
58,0.0,0.0,0.0,0.0,0.0,0.0,1499.6392988602413,0.0,0.0,0.0,687.5999756,0.0,0.0,422.34909232279915,0.0,1800.0,0.0,0.0,0.0
59,0.0,0.0,0.0,0.0,0.0,0.0,550.53747251864,0.0,0.0,0.0,0.0,0.0,0.0,1191.17601695,0.0,0.0,0.0,0.0,0.0
60,0.0,0.0,0.0,273.63262967105305,0.0,0.0,1367.0306544344437,0.0,0.0,0.0,0.0,0.0,0.0,0.0,0.0,0.0,0.0,0.0,0.0
61,0.0,0.0,0.0,0.0,0.0,0.0,1718.499223505639,0.0,0.0,0.0,0.0,0.0,0.0,0.0,0.0,0.0,0.0,0.0,0.0
62,0.0,0.0,0.0,0.0,0.0,0.0,625.1720540880403,0.0,0.0,0.0,0.0,0.0,0.0,1006.0868411908014,0.0,0.0,0.0,0.0,0.0
63,0.0,0.0,1350.0,0.0,0.0,0.0,1770.1271802298445,0.0,782.4520141633226,0.0,0.0,0.0,3244.4976218870715,1130.9675254457998,0.0,0.0,0.0,0.0,0.0
64,1767.57494945,0.0,0.0,1395.0,625.0,1323.099976,1702.417348065843,1047.2089756,0.0,1337.00503955,0.0,16800.4773289,1039.2244770591478,770.6798538218,10432.4677928,0.0,0.0,0.0,2025.02449595
65,1767.57494945,300.0,0.0,0.0,549.2346141735342,1323.099976,1771.180305794545,1047.2089756,3989.0,0.0,0.0,16800.4773289,0.0,42.44222072809709,10432.4677928,1800.0,0.0,0.0,2025.02449595
66,1553.30135261436,300.0,1350.0,1395.0,625.0,259.5292657710293,1069.1466595558413,0.0,0.0,1337.00503955,687.5999756,16800.4773289,6775.2,336.1539523088013,10432.4677928,0.0,0.0,0.0,0.0
67,0.0,0.0,1350.0,1395.0,625.0,1323.099976,244.97802432504506,1047.2089756,3989.0,1337.00503955,687.5999756,16800.4773289,3654.10539830103,0.0,0.0,0.0,0.0,0.0,2025.02449595
68,0.0,0.0,1186.3467666148329,1395.0,0.0,0.0,0.0,0.0,0.0,1174.9271152725053,0.0,7832.144354823337,0.0,0.0,9167.795876988102,353.074360865875,0.0,0.0,2025.02449595
69,0.0,58.845726810979066,0.0,0.0,625.0,1323.099976,0.0,0.0,0.0,1337.00503955,0.0,0.0,6775.2,0.0,0.0,0.0,0.0,0.0,0.0
70,0.0,300.0,0.0,0.0,0.0,0.0,0.0,1047.2089756,0.0,0.0,0.0,0.0,0.0,0.0,0.0,0.0,0.0,0.0,0.0
71,0.0,0.0,0.0,0.0,0.0,0.0,0.0,0.0,0.0,0.0,0.0,0.0,0.0,0.0,0.0,0.0,0.0,0.0,0.0
72,0.0,0.0,0.0,0.0,0.0,0.0,0.0,0.0,0.0,0.0,0.0,0.0,0.0,0.0,0.0,0.0,4949.00077953,254.95904842960135,0.0
73,0.0,0.0,0.0,0.0,0.0,0.0,0.0,0.0,0.0,0.0,0.0,0.0,0.0,0.0,0.0,0.0,2249.705835469596,0.0,0.0
74,0.0,0.0,0.0,0.0,0.0,0.0,0.0,0.0,0.0,0.0,0.0,0.0,0.0,0.0,0.0,0.0,1394.3548329296004,0.0,0.0
75,0.0,0.0,0.0,0.0,0.0,0.0,0.0,0.0,0.0,0.0,0.0,0.0,0.0,0.0,0.0,0.0,0.0,0.0,0.0
76,0.0,0.0,0.0,0.0,0.0,0.0,0.0,0.0,0.0,0.0,0.0,0.0,0.0,0.0,0.0,0.0,0.0,0.0,0.0
77,0.0,0.0,0.0,0.0,0.0,0.0,0.0,0.0,0.0,0.0,0.0,0.0,0.0,0.0,0.0,0.0,0.0,0.0,0.0
78,0.0,0.0,0.0,0.0,0.0,0.0,0.0,0.0,0.0,0.0,0.0,0.0,0.0,0.0,0.0,0.0,0.0,0.0,0.0
79,0.0,0.0,1041.2001983562923,0.0,0.0,0.0,492.0427825449974,0.0,0.0,0.0,0.0,0.0,0.0,0.0,0.0,0.0,0.0,0.0,697.6278451873739
80,1767.57494945,0.0,1350.0,0.0,625.0,0.0,2005.5939314602601,1047.2089756,0.0,1337.00503955,0.0,0.0,0.0,470.03211778473224,10432.4677928,0.0,0.0,0.0,2025.02449595
81,1767.57494945,0.0,0.0,0.0,0.0,0.0,1384.8752262570033,0.0,0.0,0.0,0.0,0.0,0.0,673.4968584865676,5380.64036754908,0.0,0.0,0.0,0.0
82,0.0,0.0,0.0,0.0,0.0,0.0,0.0,0.0,0.0,0.0,0.0,0.0,0.0,0.0,0.0,0.0,0.0,0.0,0.0
83,0.0,0.0,0.0,0.0,0.0,0.0,0.0,0.0,0.0,0.0,0.0,0.0,0.0,0.0,0.0,0.0,0.0,0.0,0.0
84,0.0,0.0,0.0,0.0,0.0,0.0,0.0,0.0,0.0,0.0,0.0,0.0,0.0,0.0,0.0,0.0,0.0,0.0,0.0
85,0.0,0.0,0.0,0.0,0.0,0.0,0.0,0.0,0.0,0.0,0.0,0.0,0.0,0.0,0.0,0.0,0.0,0.0,0.0
86,0.0,0.0,0.0,0.0,0.0,0.0,0.0,0.0,0.0,0.0,0.0,0.0,0.0,0.0,0.0,0.0,0.0,0.0,0.0
87,0.0,0.0,0.0,0.0,0.0,0.0,0.0,0.0,0.0,0.0,0.0,0.0,0.0,0.0,0.0,0.0,0.0,0.0,0.0
88,0.0,0.0,1350.0,0.0,0.0,0.0,0.0,0.0,0.0,0.0,0.0,0.0,0.0,0.0,9741.464946917808,0.0,0.0,0.0,0.0
89,0.0,0.0,0.0,0.0,0.0,0.0,0.0,0.0,0.0,0.0,0.0,16246.859317362349,0.0,0.0,0.0,0.0,0.0,0.0,0.0
90,1767.57494945,0.0,0.0,0.0,0.0,0.0,0.0,0.0,0.0,0.0,0.0,12557.445028746864,0.0,0.0,0.0,0.0,0.0,0.0,2025.02449595
91,1222.4889495045618,0.0,1350.0,0.0,0.0,0.0,0.0,0.0,0.0,1337.00503955,0.0,0.0,0.0,0.0,0.0,0.0,0.0,0.0,2025.02449595
92,0.0,0.0,0.0,0.0,0.0,0.0,0.0,0.0,0.0,0.0,0.0,0.0,0.0,0.0,0.0,0.0,0.0,0.0,0.0
93,0.0,0.0,0.0,0.0,0.0,0.0,0.0,0.0,0.0,0.0,0.0,0.0,0.0,0.0,0.0,0.0,0.0,0.0,0.0
94,0.0,0.0,0.0,0.0,0.0,0.0,0.0,0.0,0.0,0.0,0.0,0.0,0.0,0.0,0.0,0.0,0.0,0.0,0.0
95,0.0,0.0,0.0,0.0,0.0,0.0,0.0,0.0,0.0,0.0,0.0,0.0,0.0,0.0,0.0,0.0,0.0,0.0,0.0
96,0.0,0.0,0.0,0.0,0.0,0.0,0.0,0.0,0.0,0.0,0.0,0.0,0.0,0.0,0.0,0.0,0.0,0.0,0.0
97,0.0,0.0,0.0,0.0,0.0,0.0,0.0,0.0,0.0,0.0,0.0,0.0,0.0,0.0,0.0,0.0,0.0,0.0,0.0
98,0.0,0.0,0.0,0.0,0.0,0.0,0.0,0.0,0.0,0.0,0.0,0.0,0.0,0.0,0.0,0.0,0.0,0.0,0.0
99,0.0,0.0,0.0,0.0,0.0,0.0,0.0,0.0,0.0,0.0,0.0,0.0,0.0,0.0,0.0,0.0,0.0,0.0,0.0
100,0.0,0.0,0.0,0.0,0.0,0.0,0.0,0.0,0.0,0.0,0.0,0.0,0.0,0.0,0.0,0.0,0.0,0.0,0.0
101,0.0,0.0,0.0,0.0,0.0,0.0,0.0,0.0,0.0,0.0,0.0,0.0,0.0,0.0,0.0,0.0,0.0,0.0,0.0
102,0.0,0.0,0.0,0.0,0.0,0.0,0.0,0.0,0.0,0.0,0.0,0.0,0.0,0.0,0.0,0.0,0.0,0.0,0.0
103,0.0,0.0,0.0,0.0,0.0,0.0,0.0,0.0,0.0,0.0,0.0,0.0,0.0,0.0,0.0,0.0,0.0,0.0,0.0
104,0.0,0.0,1350.0,0.0,625.0,0.0,2623.00802867,0.0,0.0,1337.00503955,0.0,916.7060323894358,0.0,0.0,8257.312561814122,0.0,0.0,0.0,1944.0235161108096
105,0.0,0.0,1350.0,0.0,0.0,0.0,0.0,0.0,0.0,0.0,0.0,0.0,0.0,0.0,0.0,0.0,0.0,0.0,0.0
106,0.0,0.0,0.0,0.0,0.0,0.0,0.0,0.0,0.0,0.0,0.0,0.0,0.0,0.0,0.0,0.0,0.0,0.0,0.0
107,0.0,0.0,0.0,0.0,0.0,0.0,0.0,0.0,0.0,0.0,0.0,0.0,0.0,0.0,0.0,0.0,0.0,0.0,0.0
108,0.0,0.0,0.0,0.0,0.0,0.0,0.0,0.0,0.0,0.0,0.0,0.0,0.0,0.0,0.0,0.0,0.0,0.0,0.0
109,0.0,0.0,0.0,0.0,0.0,0.0,0.0,0.0,0.0,0.0,0.0,0.0,0.0,0.0,0.0,0.0,0.0,0.0,0.0
110,0.0,0.0,0.0,0.0,0.0,0.0,0.0,0.0,0.0,0.0,0.0,0.0,0.0,0.0,0.0,0.0,0.0,0.0,0.0
111,0.0,0.0,0.0,0.0,0.0,0.0,0.0,0.0,0.0,0.0,0.0,0.0,0.0,0.0,0.0,0.0,0.0,0.0,0.0
112,0.0,0.0,0.0,0.0,625.0,0.0,0.0,1047.2089756,0.0,521.5882351554219,0.0,16800.4773289,0.0,0.0,4250.066710194545,0.0,0.0,0.0,0.0
113,0.0,0.0,1350.0,0.0,0.0,0.0,2623.00802867,0.0,0.0,0.0,0.0,7993.842912221731,0.0,0.0,0.0,0.0,0.0,0.0,0.0
114,672.0254343192028,0.0,1350.0,0.0,0.0,0.0,0.0,0.0,0.0,0.0,0.0,0.0,0.0,0.0,0.0,0.0,1197.675130999004,0.0,2025.02449595
115,0.0,0.0,0.0,0.0,0.0,0.0,0.0,0.0,0.0,0.0,0.0,0.0,0.0,0.0,0.0,0.0,3252.9785107489997,4004.0,0.0
116,0.0,0.0,0.0,0.0,0.0,0.0,0.0,1047.2089756,0.0,761.936602811792,0.0,0.0,0.0,0.0,0.0,0.0,4949.00077953,1207.5027938485619,0.0
117,0.0,0.0,0.0,0.0,0.0,0.0,0.0,0.0,0.0,0.0,0.0,0.0,0.0,0.0,0.0,0.0,4341.338419917994,0.0,0.0
118,0.0,0.0,0.0,0.0,0.0,0.0,0.0,0.0,0.0,0.0,0.0,0.0,0.0,0.0,0.0,0.0,1062.2281530660916,2538.5513311109084,0.0
119,0.0,0.0,0.0,0.0,0.0,0.0,0.0,0.0,0.0,0.0,0.0,0.0,0.0,0.0,0.0,0.0,4949.00077953,3739.2726517059937,0.0
120,0.0,0.0,0.0,0.0,0.0,0.0,0.0,0.0,0.0,0.0,0.0,0.0,0.0,0.0,0.0,0.0,4949.00077953,0.0,0.0
121,0.0,0.0,0.0,0.0,0.0,0.0,0.0,0.0,0.0,0.0,0.0,0.0,0.0,0.0,0.0,0.0,2052.549486303992,0.0,0.0
122,0.0,0.0,0.0,0.0,0.0,0.0,0.0,0.0,0.0,0.0,0.0,0.0,0.0,0.0,0.0,0.0,2340.291911947,0.0,0.0
123,0.0,0.0,0.0,0.0,0.0,0.0,0.0,0.0,0.0,0.0,0.0,0.0,0.0,0.0,0.0,0.0,0.0,0.0,0.0
124,0.0,0.0,0.0,0.0,0.0,0.0,0.0,0.0,0.0,0.0,0.0,0.0,0.0,0.0,0.0,0.0,0.0,0.0,0.0
125,0.0,0.0,0.0,0.0,0.0,0.0,0.0,0.0,0.0,0.0,0.0,0.0,0.0,0.0,0.0,0.0,0.0,0.0,0.0
126,0.0,0.0,0.0,0.0,0.0,0.0,0.0,0.0,0.0,0.0,0.0,0.0,0.0,0.0,0.0,0.0,0.0,0.0,0.0
127,0.0,0.0,0.0,0.0,0.0,0.0,0.0,0.0,0.0,0.0,0.0,0.0,0.0,0.0,0.0,0.0,0.0,0.0,0.0
128,0.0,0.0,0.0,0.0,0.0,0.0,0.0,0.0,0.0,0.0,0.0,0.0,0.0,0.0,0.0,0.0,0.0,0.0,0.0
129,0.0,0.0,0.0,0.0,0.0,0.0,0.0,0.0,0.0,0.0,0.0,0.0,0.0,0.0,0.0,0.0,0.0,0.0,0.0
130,602.1566711307705,0.0,0.0,0.0,0.0,0.0,0.0,0.0,0.0,0.0,0.0,0.0,0.0,0.0,0.0,0.0,0.0,0.0,88.96080314349729
131,0.0,0.0,0.0,0.0,0.0,0.0,0.0,0.0,0.0,0.0,0.0,0.0,0.0,0.0,0.0,0.0,0.0,0.0,0.0
132,1767.57494945,0.0,1350.0,0.0,0.0,0.0,0.0,1003.0048433476804,0.0,0.0,0.0,0.0,0.0,0.0,0.0,0.0,0.0,0.0,0.0
133,0.0,0.0,0.0,0.0,0.0,0.0,0.0,0.0,0.0,0.0,0.0,0.0,0.0,0.0,0.0,0.0,41.83442362799997,0.0,98.48180649650075
134,0.0,0.0,0.0,0.0,0.0,0.0,0.0,0.0,0.0,0.0,0.0,0.0,0.0,0.0,0.0,0.0,423.3085373870026,0.0,379.1878806804989
135,0.0,0.0,0.0,0.0,0.0,0.0,0.0,0.0,0.0,1337.00503955,0.0,0.0,0.0,0.0,0.0,1800.0,0.0,0.0,2025.02449595
136,0.0,0.0,0.0,0.0,625.0,736.7783484579986,0.0,0.0,0.0,0.0,0.0,0.0,0.0,0.0,0.0,0.0,2004.525557058135,1699.3275971678647,2025.02449595
137,0.0,0.0,0.0,0.0,625.0,1323.099976,0.0,1047.2089756,0.0,0.0,0.0,0.0,0.0,0.0,0.0,0.0,4949.00077953,974.286533756007,820.7108872534982
138,0.0,0.0,0.0,0.0,625.0,1323.099976,0.0,0.0,0.0,0.0,0.0,0.0,0.0,0.0,0.0,0.0,3937.1288048250053,0.0,0.0
139,1767.57494945,300.0,1350.0,1395.0,625.0,1323.099976,0.0,1047.2089756,0.0,0.0,687.5999756,12397.35556679816,0.0,0.0,10432.4677928,1800.0,4949.00077953,0.0,2025.02449595
140,1767.57494945,300.0,1350.0,0.0,565.2142053779994,1323.099976,0.0,1047.2089756,2100.016990364189,1337.00503955,687.5999756,16800.4773289,6775.2,1191.17601695,0.0,0.0,4745.397563779941,4004.0,0.0
141,1767.57494945,300.0,1350.0,0.0,583.7797733075372,162.30183657046337,0.0,1047.2089756,3989.0,0.0,687.5999756,7759.051427448574,0.0,1191.17601695,10432.4677928,0.0,0.0,4004.0,0.0
142,0.0,58.845726810979066,1350.0,0.0,25.24063548799768,0.0,0.0,0.0,2671.43502379913,0.0,0.0,0.0,1328.9718942991503,1191.17601695,10432.4677928,1800.0,0.0,0.0,0.0
143,0.0,0.0,0.0,0.0,0.0,0.0,0.0,0.0,0.0,0.0,0.0,0.0,0.0,0.0,0.0,0.0,4949.00077953,4004.0,0.0
144,0.0,0.0,0.0,0.0,522.9842363268413,0.0,0.0,0.0,0.0,0.0,0.0,0.0,0.0,0.0,0.0,0.0,1125.099852713713,4004.0,0.0
145,0.0,0.0,0.0,0.0,0.0,0.0,0.0,0.0,0.0,0.0,0.0,0.0,0.0,0.0,0.0,0.0,1614.2525769779922,0.0,840.6129237824986
146,0.0,0.0,0.0,674.9647067825008,0.0,0.0,0.0,0.0,0.0,0.0,0.0,0.0,0.0,0.0,0.0,0.0,0.0,129.5896797179994,0.0
147,0.0,0.0,0.0,0.0,0.0,0.0,0.0,0.0,0.0,0.0,0.0,0.0,0.0,0.0,0.0,0.0,129.58967971910215,1986.1904898608977,0.0
148,0.0,0.0,0.0,0.0,0.0,0.0,0.0,0.0,0.0,0.0,0.0,0.0,0.0,0.0,0.0,0.0,691.0675779100029,0.0,0.0
149,0.0,0.0,0.0,0.0,0.0,0.0,0.0,0.0,0.0,0.0,0.0,0.0,0.0,0.0,0.0,0.0,0.0,0.0,0.0
150,0.0,0.0,0.0,0.0,0.0,0.0,0.0,0.0,0.0,0.0,0.0,0.0,0.0,0.0,0.0,0.0,0.0,0.0,0.0
151,0.0,0.0,1186.3467666187532,1395.0,0.0,0.0,0.0,0.0,0.0,0.0,0.0,0.0,0.0,0.0,2226.020776177709,0.0,0.0,0.0,0.0
152,1767.57494945,300.0,0.0,1395.0,0.0,0.0,0.0,0.0,3989.0,1337.00503955,687.5999756,2213.1095649666113,6775.2,0.0,10432.4677928,1800.0,0.0,0.0,2025.02449595
153,1767.57494945,0.0,0.0,0.0,0.0,0.0,0.0,0.0,0.0,1337.00503955,687.5999756,16800.4773289,6775.2,0.0,10432.4677928,0.0,0.0,0.0,2025.02449595
154,0.0,300.0,1350.0,993.6679228886395,625.0,1323.099976,0.0,1047.2089756,0.0,0.0,0.0,9194.806663167219,6775.2,0.0,5494.095228863496,0.0,0.0,0.0,0.0
155,1767.57494945,0.0,0.0,0.0,625.0,1323.099976,0.0,78.481488061496,3989.0,1174.9271152725053,134.87440106134093,16800.4773289,6775.2,0.0,0.0,353.074360867607,0.0,0.0,0.0
156,0.0,0.0,0.0,1395.0,625.0,1323.099976,0.0,1047.2089756,3989.0,0.0,0.0,16800.4773289,0.0,0.0,1447.6798719322524,1800.0,0.0,0.0,0.0
157,1767.57494945,0.0,0.0,0.0,625.0,1323.099976,0.0,0.0,0.0,1337.00503955,0.0,0.0,0.0,0.0,0.0,0.0,0.0,0.0,0.0
158,0.0,0.0,0.0,0.0,0.0,0.0,0.0,0.0,0.0,0.0,0.0,0.0,0.0,0.0,0.0,0.0,0.0,0.0,0.0
159,0.0,0.0,0.0,0.0,0.0,259.5292657710293,2020.953800439598,0.0,0.0,0.0,0.0,0.0,0.0,1191.17601695,0.0,0.0,0.0,0.0,0.0
160,0.0,0.0,0.0,0.0,0.0,0.0,2623.00802867,0.0,0.0,0.0,0.0,0.0,0.0,1191.17601695,0.0,0.0,0.0,0.0,0.0
161,0.0,0.0,0.0,0.0,0.0,0.0,2623.00802867,0.0,0.0,0.0,0.0,0.0,0.0,1191.17601695,0.0,0.0,0.0,0.0,0.0
162,0.0,0.0,0.0,0.0,0.0,0.0,2623.00802867,0.0,0.0,0.0,0.0,0.0,0.0,1191.17601695,0.0,0.0,0.0,0.0,0.0
163,0.0,0.0,0.0,0.0,0.0,0.0,2504.623799276844,0.0,0.0,0.0,0.0,0.0,0.0,1191.17601695,0.0,0.0,2179.006204671002,0.0,0.0
164,0.0,0.0,0.0,0.0,0.0,0.0,945.9786139030011,0.0,0.0,0.0,0.0,0.0,0.0,0.0,0.0,0.0,234.069817700999,0.0,0.0
165,0.0,0.0,0.0,0.0,625.0,1323.099976,2079.494727862002,1047.2089756,0.0,1337.00503955,0.0,0.0,0.0,0.0,0.0,0.0,0.0,0.0,0.0
166,0.0,0.0,0.0,0.0,549.2346141735342,0.0,0.0,0.0,0.0,1337.00503955,0.0,0.0,0.0,0.0,0.0,0.0,0.0,0.0,0.0
167,0.0,0.0,0.0,0.0,0.0,0.0,0.0,0.0,0.0,0.0,0.0,0.0,0.0,0.0,0.0,0.0,1194.319261491998,0.0,0.0
168,0.0,0.0,0.0,0.0,0.0,0.0,0.0,0.0,0.0,0.0,0.0,0.0,0.0,0.0,0.0,0.0,4665.651025991,0.0,0.0
169,0.0,0.0,0.0,0.0,0.0,0.0,0.0,0.0,0.0,0.0,0.0,0.0,0.0,0.0,0.0,0.0,2469.697416754997,0.0,0.0
170,0.0,0.0,0.0,0.0,0.0,0.0,0.0,0.0,0.0,0.0,0.0,0.0,0.0,0.0,0.0,0.0,3794.602012856997,0.0,0.0
171,0.0,0.0,0.0,0.0,0.0,0.0,0.0,0.0,0.0,0.0,0.0,0.0,0.0,0.0,0.0,0.0,0.0,0.0,0.0
172,0.0,0.0,0.0,0.0,0.0,0.0,0.0,0.0,0.0,0.0,0.0,0.0,0.0,0.0,0.0,0.0,0.0,0.0,0.0
173,0.0,0.0,0.0,0.0,0.0,0.0,0.0,0.0,0.0,0.0,0.0,0.0,0.0,0.0,0.0,0.0,0.0,0.0,0.0
174,0.0,0.0,0.0,0.0,0.0,0.0,0.0,0.0,0.0,0.0,0.0,0.0,0.0,0.0,0.0,0.0,0.0,0.0,0.0
175,0.0,0.0,0.0,0.0,0.0,0.0,0.0,0.0,0.0,0.0,0.0,0.0,0.0,0.0,0.0,0.0,0.0,0.0,0.0
176,0.0,0.0,0.0,0.0,0.0,0.0,0.0,0.0,0.0,0.0,0.0,0.0,0.0,0.0,0.0,0.0,0.0,0.0,0.0
177,0.0,0.0,0.0,0.0,0.0,0.0,0.0,0.0,0.0,0.0,0.0,0.0,0.0,0.0,0.0,0.0,2786.542061510995,0.0,0.0
178,0.0,0.0,0.0,0.0,0.0,0.0,0.0,0.0,0.0,0.0,0.0,0.0,0.0,0.0,0.0,0.0,4447.651330094003,0.0,0.0
179,0.0,0.0,0.0,0.0,0.0,0.0,0.0,0.0,0.0,0.0,0.0,0.0,0.0,0.0,0.0,0.0,2189.5858519420026,0.0,0.0
180,0.0,0.0,0.0,0.0,0.0,0.0,0.0,0.0,0.0,0.0,0.0,0.0,0.0,0.0,0.0,0.0,0.0,0.0,0.0
181,0.0,0.0,0.0,0.0,0.0,0.0,0.0,0.0,0.0,0.0,0.0,0.0,0.0,0.0,0.0,0.0,0.0,0.0,0.0
182,0.0,0.0,0.0,0.0,0.0,0.0,0.0,0.0,0.0,0.0,0.0,0.0,0.0,0.0,0.0,0.0,0.0,0.0,0.0
183,0.0,0.0,0.0,0.0,0.0,0.0,0.0,0.0,0.0,0.0,0.0,0.0,0.0,0.0,0.0,0.0,0.0,0.0,0.0
184,0.0,0.0,0.0,0.0,0.0,0.0,0.0,0.0,0.0,0.0,0.0,0.0,0.0,0.0,0.0,0.0,387.1291013150012,0.0,0.0
185,0.0,0.0,0.0,0.0,0.0,0.0,0.0,0.0,0.0,0.0,0.0,0.0,0.0,0.0,0.0,0.0,2682.4634216600043,0.0,0.0
186,674.5210869716408,0.0,0.0,0.0,0.0,0.0,1605.0070378204587,263.44347980298545,0.0,0.0,0.0,0.0,0.0,1191.17601695,7850.509545673956,0.0,3390.892440179088,1903.6850455609037,0.0
187,1767.57494945,0.0,0.0,0.0,542.3614508838318,0.0,0.0,0.0,0.0,0.0,0.0,0.0,0.0,1191.17601695,10432.4677928,0.0,4949.00077953,3451.775332479984,2025.02449595
188,0.0,0.0,0.0,0.0,0.0,0.0,0.0,1047.2089756,0.0,0.0,0.0,10711.060314044567,0.0,0.0,0.0,0.0,4949.00077953,1671.3950798199994,2025.02449595
189,0.0,0.0,0.0,0.0,0.0,0.0,0.0,0.0,0.0,0.0,0.0,0.0,0.0,0.0,3744.994488465829,0.0,3545.591066829995,0.0,0.0
190,1767.57494945,0.0,0.0,0.0,0.0,0.0,0.0,0.0,0.0,1283.524837967214,0.0,0.0,0.0,0.0,0.0,0.0,0.0,0.0,32.61450781197891
191,0.0,0.0,0.0,0.0,0.0,0.0,0.0,699.9887777477834,0.0,0.0,0.0,0.0,0.0,0.0,0.0,0.0,4949.00077953,0.0,0.0
192,0.0,0.0,0.0,0.0,0.0,0.0,0.0,0.0,0.0,0.0,0.0,0.0,0.0,0.0,0.0,0.0,0.0,0.0,0.0
193,0.0,0.0,0.0,0.0,0.0,0.0,0.0,0.0,0.0,0.0,0.0,0.0,0.0,0.0,0.0,0.0,0.0,0.0,0.0
194,0.0,0.0,0.0,0.0,0.0,0.0,0.0,0.0,0.0,0.0,0.0,0.0,0.0,0.0,0.0,0.0,0.0,0.0,0.0
195,0.0,0.0,0.0,0.0,0.0,0.0,0.0,0.0,0.0,0.0,0.0,0.0,0.0,16.131659241329963,0.0,0.0,0.0,0.0,0.0
196,0.0,0.0,0.0,0.0,0.0,0.0,0.0,0.0,0.0,0.0,0.0,0.0,0.0,0.0,0.0,0.0,0.0,0.0,0.0
197,0.0,0.0,0.0,0.0,0.0,0.0,0.0,0.0,0.0,0.0,0.0,0.0,0.0,0.0,0.0,0.0,0.0,0.0,0.0
198,0.0,0.0,0.0,0.0,0.0,0.0,1595.0862811930017,0.0,0.0,0.0,0.0,0.0,0.0,0.0,0.0,0.0,0.0,0.0,0.0
199,0.0,0.0,0.0,0.0,0.0,0.0,2623.00802867,0.0,0.0,0.0,0.0,0.0,0.0,0.0,0.0,0.0,0.0,0.0,0.0
