,43776 coal,43777 nuclear,43778 coal,43778 lignite,43778 nuclear,43779 coal,43780 coal,43781 nuclear,43782 lignite,43783 coal,43783 nuclear,43785 nuclear,43787 coal,43787 lignite,43788 nuclear
0,0.0,0.0,0.0,0.0,0.0,0.0,0.0,0.0,0.0,0.0,0.0,0.0,0.0,0.0,0.0
1,0.18359179758620275,0.11739107265095307,0.18276343244499105,0.18275621008364626,0.12428663317895039,0.18471177789446913,0.17806477322569322,0.10363577854955246,0.0008641040106728429,1.514756213512994e-05,1.5462869062357761e-06,0.10962104122820436,0.1803969257687384,0.18372232962911922,0.12422047265958688
2,0.14811775383372044,0.09929406938871121,0.14679824099309516,0.14893673229330723,0.10357027853696439,0.14885994380661988,0.1471484490987778,0.09608198710924239,0.0006650566668091306,1.2463953064980052e-05,1.235800898408236e-06,0.09539133743312996,0.15036780650770074,0.1482387008521812,0.10303221173561605
3,0.13011798390166968,0.09011884937432615,0.12627164536520927,0.12937433070162158,0.09302452477886733,0.12773567754393797,0.1284149788306858,0.09028283585322636,0.0005667717513742199,1.0261573250567641e-05,9.58098536688577e-07,0.08690574737311596,0.12850600845114182,0.12732394831355745,0.09020541758469772
4,0.1163989615109949,0.08354863545906238,0.11572853174707394,0.11685076731641268,0.0872043141447781,0.11522272342403565,0.11676064583880923,0.08767144850777056,0.00048398229212087175,8.365554389961701e-06,7.797601180126105e-07,0.0815077541237177,0.11715521619197228,0.11453873396538208,0.08144919516074842
5,0.10272625845274716,0.08050669695340096,0.10640349828935312,0.10986085200168579,0.08175638213227755,0.10251555068324184,0.10481104707973604,0.08668762383820372,0.0003910293280869659,2.1679933265272544e-05,6.664769579661317e-07,0.07934616813022471,0.10434171263490291,0.10864036458005141,0.07398494096196168
6,0.10469080060914482,0.08031807488765841,0.10716715104649646,0.10700542230914357,0.08147332978095354,0.10477599896437804,0.10679646750827612,0.09102746648468572,0.00031853337727882913,8.489622403737064e-06,1.2121478091830613e-06,0.08018404843282224,0.10385875794126066,0.10681581643601802,0.06553586485569923
7,0.11377437040929131,0.07279654013958425,0.11552144356304993,0.10800060249977962,0.0726217034518577,0.11325931277403012,0.11461076593141495,0.05386742021186566,0.00041745749601293644,5.443650195426547e-06,8.804209312908121e-07,0.07318674173728787,0.11354887601137409,0.10803748058145135,0.06333220341689715
8,0.11585596873218817,0.0607681652625472,0.11704450508132443,0.11191613633827144,0.05945471568340236,0.1151855857182302,0.1162915489870007,0.045054137641920525,0.0002973598386297661,3.891928423545558e-06,7.24261122664733e-07,0.062036619017782915,0.11586864583072952,0.11135831024534194,0.06337884450487777
9,0.11561057456313983,0.045459053750660346,0.11636121598578124,0.11395565942261145,0.0358245094019899,0.11490458842050452,0.11598007269372024,0.015111174140418807,0.00022835561105412794,2.9559166087707496e-06,6.27506746137387e-07,0.05009126010101334,0.11556128203676418,0.11333166292997982,0.06374441243497335
10,0.11460102098408151,0.036859809313612164,0.11537852543875338,0.11417951334576226,0.02850016158591328,0.11398861347102193,0.11512617890827674,0.012262069872877856,0.00019265287108287835,2.5586127971947406e-06,5.788715466774242e-07,0.04147089400904103,0.11481257301973964,0.11350777648436312,0.06465320692943916
11,0.11392033405439042,0.03187959474848641,0.11470170090661187,0.11368239991787919,0.024722326788610156,0.11329021722015507,0.11445111331802978,0.0109698669291659,0.00019864297546022734,2.6728570248022548e-06,5.966794218205399e-07,0.03620072785322538,0.1145617382671097,0.1131611122424131,0.06685241097012845
12,0.11374075810216111,0.027730317047624388,0.1146020229691415,0.11340635733705531,0.021606517733395513,0.11309105723598663,0.11435074924750004,0.033613975750921184,0.00020617334033728725,2.766602318223785e-06,6.122948309277717e-07,0.03172048475166185,0.11419718767299496,0.11281592728091733,0.06676786745703903
13,0.11404716846477776,0.02545691234958664,0.11500690986173413,0.11335912532243307,0.019631380449605523,0.11337963138959252,0.11466585669612127,0.024789844735537574,0.00021267228658126264,2.8598394400926223e-06,6.235384570408229e-07,0.029273765944121555,0.11425209046327889,0.11270630328253503,0.06702114032905586
14,0.11421196087792092,0.024865708151759983,0.11521735638103398,0.11343815712288192,0.018765656974030518,0.11357250735499447,0.11483399210660407,0.008264513159122843,0.00021685943516880062,2.9365816647631356e-06,6.346332094763758e-07,0.028297930367262348,0.11399947511931163,0.11244267511122079,0.06799051323061862
15,0.11419279771321361,0.026161828582630997,0.11515560362939213,0.1141791175536112,0.019743929864228633,0.11371792510935874,0.11479324208486709,0.0045841278836808745,0.00021919795804188543,3.0179719165590747e-06,6.503368403509681e-07,0.029627539851407942,0.11453866351470504,0.11299990179682635,0.0695867853997965
16,0.11409040492824979,0.011072027168014198,0.11505740100024092,0.1150179146561871,0.0097939042793412,0.11367721505616914,0.1147547854412218,0.0043369356011386554,0.00022021804280528357,3.017772155444422e-06,6.556187128681657e-07,0.011645557325206715,0.11500933626344229,0.11381251771251318,0.07175336802900081
17,0.11405020777552377,0.011588710370061373,0.11505980477314959,0.11493512605275402,0.010034643585706392,0.11355387670564539,0.11475555598803547,0.004196144134753271,0.00022057907995585066,3.0024215866809776e-06,6.568427234756546e-07,0.012301691943274878,0.11533521120575893,0.11392604207237421,0.07441144400370374
18,0.11410337313206281,0.01198259352158926,0.115094393338237,0.11446561073081672,0.010405789886124454,0.11350484000025043,0.1147737607123782,0.0043042053833696236,0.00022072680791179318,2.9473346709274866e-06,6.549785955673748e-07,0.012936759115311064,0.1153579895945611,0.1138965889571717,0.07797131403056287
19,0.11417578581412505,0.015523585789001135,0.11514297598851342,0.11362786501640319,0.018763207320362747,0.11350506646526465,0.11483904315971355,0.009930942527434337,0.00022093066695254515,2.8886176753605273e-06,6.540447138981583e-07,0.015012239958670365,0.11495597891377242,0.1133811700501958,0.08362016394663777
20,0.1141881868928731,0.021823785385797264,0.11513729068071422,0.11332593847742531,0.022364911652806706,0.11355157248945039,0.11484193046415285,0.01249038282060344,0.000221455368137118,2.8949840350364326e-06,6.66199731630872e-07,0.019108178884488822,0.11450418667693583,0.11271649321969011,0.0915610930628835
21,0.11409568883427726,0.02300241595571785,0.11504916789570818,0.11309172079342253,0.021273079282866002,0.1135278032181659,0.11476735760816052,0.07511553831213591,0.00022209824506805626,2.8664735774468812e-06,6.723798762803722e-07,0.02144502939107726,0.11432235728104412,0.11222327431987006,0.06033810854291554
22,0.11400466275812678,0.07731913262008726,0.11494495853255951,0.11295018411671146,0.08382650291042895,0.11348539051412687,0.11467806521783365,0.022338630487709756,0.000223397955599426,2.836007901209206e-06,6.74052560445374e-07,0.054692635973248346,0.11452635523912286,0.11204497013407524,0.011846883547916472
23,0.1141600105689008,0.012621995422177687,0.11513953207613624,0.11329904829138786,0.006154099469669736,0.11365129467863742,0.11485241736743468,0.0008389456447996633,0.00022619306332027241,2.8679115179981134e-06,6.769745455516079e-07,0.016640159124371882,0.11485198668160093,0.11249134399427993,0.006528084799584891
24,0.11450297742545312,0.01004290811549097,0.11553575889426429,0.11372338012595853,0.004790342289451072,0.11398791046036533,0.11518681854619439,0.000552940425705569,0.0002306746362836405,3.0523092734897384e-06,6.98742465045363e-07,0.01336097425796515,0.11507721686473109,0.11309679494367283,0.005345953112532121
25,0.11485444805589193,0.00911547881718773,0.11601086474654175,0.11426859044418473,0.004300027482138799,0.11432565603477167,0.11565025196310742,0.00043791029882833535,0.00023746816777104327,3.2794401414286013e-06,7.15831737507344e-07,0.012164792924038766,0.11495594737585221,0.11349376252027825,0.00467196429472731
26,0.11479480415556408,0.0075400892489315315,0.11600391441256423,0.11419922421631098,0.003238762985609086,0.11423148388248074,0.11566014152182039,0.0002988313028365125,0.0002460254289786607,3.558997001442487e-06,7.363574034276195e-07,0.010384515445242718,0.1146772836373841,0.11346272351954896,0.00430474667003426
27,0.11352447779988163,0.006566473692509136,0.11458198465927764,0.1126651340426485,0.002542885505203927,0.11293429932269378,0.11429883288561823,0.0002256831943661883,0.0002536939178802049,3.887383682196972e-06,7.688214278063381e-07,0.009253574291667942,0.11354805003917998,0.11200727039995705,0.004191131937360778
28,0.10931357655105277,0.005926395799679868,0.10971053490534662,0.10810385059541042,0.0021156510693398183,0.10866024021305416,0.10952139241042097,0.0001786083276687946,0.00026018948632982247,4.062694512780127e-06,7.804204779091776e-07,0.0084514178754224,0.1097468344748388,0.10755365034544391,0.003930300144527582
29,0.11067400973336608,0.005448135051502618,0.11105920029492795,0.10983074927543678,0.0018202355859931697,0.1102425106864377,0.11102427932925385,0.0001437588603791546,0.00026612445298777014,4.1054352666679705e-06,7.780930592711465e-07,0.007730068764369193,0.11245169714311835,0.10950730311279037,0.0024265087726529854
30,0.11558734728430513,0.00014486544410845757,0.11620229804069186,0.11583176895656279,2.961956495818276e-05,0.11548831444919021,0.11618051055143834,2.2170650653063563e-06,0.0002644110661375605,3.985137203775143e-06,7.651540321096202e-07,0.00029546630685129967,0.11913587207222393,0.11503561436481015,3.246445787885073e-05
31,0.12372726344197088,4.037490810568491e-05,0.12513218843371382,0.12498541580277725,8.336534830629667e-06,0.12384161033229289,0.12480780742047899,5.990103841670582e-07,0.00023968951302241287,3.529937560009949e-06,7.137186979181522e-07,8.27258938073428e-05,0.12687821493324775,0.12403594372710279,9.2283213795895e-06
32,0.13578279893973869,2.365939102594093e-05,0.13911604890973003,0.1381620247349596,4.781010080343318e-06,0.1362544854797927,0.13803129466958258,3.546368815895849e-07,0.00021901849845621296,3.176558165328494e-06,6.703747581953791e-07,4.7946825652671366e-05,0.1385891578578091,0.13684552875477224,5.389986104078104e-06
33,0.1553965312957269,1.7018334132821304e-05,0.16134473898940957,0.15665348560646508,3.34092127854006e-06,0.15579661226405633,0.15945437347049923,2.553553976485241e-07,0.00021759407987965507,3.1413857433400746e-06,6.639465578855567e-07,3.434528989017914e-05,0.16035079166758134,0.1557664071198903,3.864106932171631e-06
34,0.0006221221092354352,1.3395003307212492e-05,0.0017826061799914982,0.00010143909153917978,2.5781852141151737e-06,0.0008120277970381392,0.0011113236350897948,1.929196372730809e-07,0.00022035873157078166,3.1489793429812496e-06,6.6668045013447e-07,2.710326058740447e-05,6.189591116268942e-05,8.283946711350777e-05,3.05499973489718e-06
35,9.962904156952304e-05,1.1107129183641473e-05,0.000307072324824051,2.239535457345878e-05,2.110962565176118e-06,0.00012736939948124009,0.00017505893722078822,1.5109926265168708e-07,0.0002230242157900365,3.128904166668498e-06,6.682194127388904e-07,2.257758164730486e-05,1.0764287053489137e-05,1.696558612542707e-05,2.5326842532598314e-06
36,4.9833907115906935e-05,9.543326277139235e-06,0.00013580943852352454,1.138588908402148e-05,1.804832343048541e-06,6.0823187016257695e-05,7.953091465562237e-05,1.2585370369148765e-07,0.00022458125899772058,3.078549969073851e-06,6.67057217844876e-07,1.9459701511804482e-05,5.182543397312148e-06,8.555437844483758e-06,2.1606273160977515e-06
37,3.4198962542190836e-05,8.411822157895613e-06,8.696300204580321e-05,7.816668802952064e-06,1.5837771025830114e-06,4.127089769982499e-05,5.272822497472575e-05,1.0968422790993029e-07,0.0002221362936018822,2.9419900718242978e-06,6.537316126424459e-07,1.715626303439423e-05,3.441641404310125e-06,5.89428984264326e-06,1.8801219905985287e-06
38,2.5997827834084267e-05,7.559521262058107e-06,6.464570704079177e-05,5.9851054476051394e-06,1.397301478263631e-06,3.141648338526946e-05,3.988583970383357e-05,9.563371830296398e-08,0.00021943213689801978,2.8105648925858223e-06,6.387907247383388e-07,1.536153595782601e-05,2.5259264304828746e-06,4.545244215008589e-06,1.6573184815032615e-06
39,2.0704762698848048e-05,6.8621785897645695e-06,5.129685710352171e-05,4.730454376382537e-06,1.242072718102026e-06,2.502624573422956e-05,3.174493979825855e-05,8.37479207447073e-08,0.00021997187182196736,2.7513137582643395e-06,6.318203292856785e-07,1.3890325027123708e-05,1.9223805546205177e-06,3.618875885239715e-06,1.4753929401202127e-06
40,1.808871325737881e-05,6.444804940149731e-06,4.542758682183888e-05,4.086645370326926e-06,1.1276478305105416e-06,2.1880559178272988e-05,2.7883116066371816e-05,7.745096401849087e-08,0.00022099660680417472,2.6950042106299416e-06,6.237603713349331e-07,1.3069852239611291e-05,1.661551649724243e-06,3.1416164987642207e-06,1.3613390350928744e-06
41,1.7677259766905103e-05,6.505536995427843e-06,4.483178852683659e-05,3.96116557585277e-06,1.1164595816445705e-06,2.144721758064936e-05,2.735437639814165e-05,7.963749188169749e-08,0.00022260948610926465,2.8158037936515135e-06,6.451194870294341e-07,1.3255843966983904e-05,1.631257184686472e-06,3.0426399332380495e-06,1.373614640478223e-06
42,1.8135236229900572e-05,6.649906888607307e-06,4.6017811454573996e-05,4.053109969541825e-06,1.1274990867103876e-06,2.2134404473133526e-05,2.8214694456566496e-05,8.061201094342268e-08,0.00022388670774863115,2.915694932344006e-06,6.569422109027495e-07,1.3618388838163286e-05,1.6666157778396098e-06,3.1192588703945e-06,1.4118652627554032e-06
43,1.8663709138582325e-05,6.7642287701766965e-06,4.723887466765983e-05,4.161645329788032e-06,1.1364354735687302e-06,2.286819665320869e-05,2.9141793168323312e-05,7.994057162738521e-08,0.00022414466690305016,2.9602491237879004e-06,6.571917315027095e-07,1.3935311786419094e-05,1.7098777505020888e-06,3.2104133666594166e-06,1.4474019551524421e-06
44,1.9036386303404384e-05,6.850859708727117e-06,4.8031907339192774e-05,4.232010857206881e-06,1.1349883133242626e-06,2.3350403896096027e-05,2.9750498884991106e-05,7.950588288830229e-08,0.00022340073516591624,2.9023930820860798e-06,6.520383210463414e-07,1.4143199030880193e-05,1.7368568564792996e-06,3.2682349528938883e-06,1.46713025571743e-06
45,1.9213278189576627e-05,6.903447582565642e-06,4.824290474328444e-05,4.263692251434201e-06,1.1302921568976179e-06,2.350441304402005e-05,2.9935595631277103e-05,8.066173850148265e-08,0.00022266864734610294,2.822479361268094e-06,6.46059429622804e-07,1.4254294569934936e-05,1.7377120829352255e-06,3.2893524226480024e-06,1.4691395880076844e-06
46,1.9228886284163497e-05,6.912963853972749e-06,4.8277572302759855e-05,4.269157379377076e-06,1.1319529764971957e-06,2.3532727401992377e-05,2.9970695179933468e-05,8.224137459319707e-08,0.00022217635052727808,2.797715697970666e-06,6.464632649031369e-07,1.4271335083785374e-05,1.7245623552184853e-06,3.287950662604314e-06,1.4577522142502935e-06
47,1.9068197403456196e-05,6.87868364911646e-06,4.803643314998462e-05,4.225421041596232e-06,1.1289272849825281e-06,2.339338367229994e-05,2.9794477464133087e-05,8.105431457100536e-08,0.00022202823427053375,2.816197311972754e-06,6.461713118088092e-07,1.4210842763812664e-05,1.6962336108385526e-06,3.2525976269024684e-06,1.4358563076972524e-06
48,1.877886447770549e-05,6.824647335671162e-06,4.749767135543478e-05,4.145793996114431e-06,1.1220368518812359e-06,2.3092948386104894e-05,2.942119193539077e-05,7.910480344676772e-08,0.00022125519224961527,2.781551937091453e-06,6.395301503390822e-07,1.4089786598480933e-05,1.6441679946158396e-06,3.1879442446547065e-06,1.4104836971274612e-06
49,1.828678408753422e-05,6.744006402182878e-06,4.6330475324571903e-05,4.00479062015126e-06,1.1069236910307894e-06,2.2470849817866122e-05,2.8637169548105553e-05,7.686389065833538e-08,0.0002209065069415074,2.791230154783429e-06,6.371198325057633e-07,1.3935259895111648e-05,1.5677514753059567e-06,3.075709944396769e-06,1.3803751240836779e-06
50,1.7747579340852243e-05,6.656963496904419e-06,4.486314510306287e-05,3.82863469800911e-06,1.0834739449473937e-06,2.1680019742666553e-05,2.7635215899101964e-05,7.542287924229172e-08,0.00022094048974841498,2.8373469575381818e-06,6.389192795717796e-07,1.3773136355917346e-05,1.4821077388638631e-06,2.934214617284707e-06,1.3457303772694402e-06
51,1.7214066727483027e-05,6.565627374263708e-06,4.330262939507615e-05,3.6431419494373425e-06,1.0627213887742075e-06,2.0839981106742935e-05,2.6571030905536736e-05,7.42977508143987e-08,0.00022123701521714568,2.9297106229104226e-06,6.49087194648628e-07,1.3606651808991895e-05,1.3963697798541047e-06,2.7803209686131097e-06,1.3089391146419028e-06
52,1.666424799140136e-05,6.4811915187417525e-06,4.163844153481277e-05,3.452440739553363e-06,1.0465857355746018e-06,1.9955844202344967e-05,2.5454244818855168e-05,7.218298369757103e-08,0.00022252736606049141,3.065166735055093e-06,6.69917803511528e-07,1.3427337761180326e-05,1.315383036493281e-06,2.624108936071678e-06,1.2685610795123194e-06
53,1.6030498246732088e-05,6.387082938155116e-06,3.9819933588464734e-05,3.2603578318947173e-06,1.0326667814617828e-06,1.900682884060437e-05,2.4257373215525977e-05,7.117260287947574e-08,0.00022303458181262948,3.053967407030978e-06,6.672341908197912e-07,1.3205754629044088e-05,1.2426936499350123e-06,2.4746348650622503e-06,1.2263627528385675e-06
54,1.5390349827623738e-05,6.279911937353668e-06,3.820412916594446e-05,3.1039431204564137e-06,1.019780688917699e-06,1.8146458955923798e-05,2.3162256762195882e-05,7.101219200526411e-08,0.00022285222421308858,2.956538013420172e-06,6.535344113633872e-07,1.2976865867087366e-05,1.1954849950775892e-06,2.3592736502680532e-06,1.1913968421689777e-06
55,1.550926402404271e-05,6.31363037697292e-06,3.859759163669107e-05,3.1181424283709517e-06,1.0243079473695685e-06,1.8252227412487164e-05,2.3319923031449283e-05,7.244125619948116e-08,0.00022269513863207004,2.909875291067279e-06,6.509990352204652e-07,1.3062208878754934e-05,1.2101210475498085e-06,2.3729827977197376e-06,1.2072786935805544e-06
56,1.5558606995454255e-05,6.331631834353913e-06,3.897983254280287e-05,3.1535707296808677e-06,1.0215848792079267e-06,1.843567714958975e-05,2.3579614042394214e-05,7.161503852513399e-08,0.00022223303371208045,2.8851981030466935e-06,6.474344855488723e-07,1.311391020039187e-05,1.2216502293238248e-06,2.4015962336958623e-06,1.247943489065374e-06
57,1.5514809037879145e-05,6.325499739258268e-06,3.917891813356808e-05,3.2050643005269906e-06,1.0268616505444028e-06,1.8605275514872346e-05,2.3800754575486444e-05,7.346563661714476e-08,0.00022184336560036348,2.8769255743829044e-06,6.458250117114957e-07,1.3139017754829364e-05,1.2381238733058409e-06,2.4515639775894287e-06,1.2716776847476414e-06
58,1.54619709578431e-05,6.309740095544728e-06,3.929511295380196e-05,3.2293791237991346e-06,1.0260336535470033e-06,1.8719614474065226e-05,2.3935694289323194e-05,6.994430448062293e-08,0.0002212428036739614,2.8375816080903e-06,6.432525041983335e-07,1.317235267341489e-05,1.2448948565060769e-06,2.475188710904867e-06,1.2757407979498443e-06
59,1.5479281167128753e-05,6.332747885207596e-06,3.9416248147184065e-05,3.237383724193746e-06,1.033150126817159e-06,1.8763889246677856e-05,2.3986378061436005e-05,7.203552345499931e-08,0.00022089115690538194,2.818484454746199e-06,6.44033037422539e-07,1.3247642183230098e-05,1.2493559866065462e-06,2.4783968194755153e-06,1.2717932467640298e-06
60,1.559247709035047e-05,6.405391794730186e-06,3.960747332891436e-05,3.2492701674476614e-06,1.055658444152515e-06,1.8803419626751843e-05,2.4029255847211292e-05,7.267099288800704e-08,0.00022081801549833372,2.824566582611231e-06,6.474649993409201e-07,1.3376369636810586e-05,1.256892413724538e-06,2.4798283486808255e-06,1.2758665045383087e-06
61,1.5748716742430976e-05,6.504301047452321e-06,3.976173590692749e-05,3.2564506673305253e-06,1.0816526216546812e-06,1.8847072865516864e-05,2.4074125175830432e-05,7.432262339429945e-08,0.00022086549941245206,2.823913822949966e-06,6.506907185833067e-07,1.35463950657487e-05,1.2642036586898167e-06,2.4806578528280148e-06,1.2873848340709676e-06
62,1.5964476653509013e-05,6.644239339246573e-06,3.9961981217090725e-05,3.2570789081450364e-06,1.1028632767836938e-06,1.8946419402811703e-05,2.4186241580826478e-05,7.698492915850302e-08,0.0002210768692394859,2.8157441526584348e-06,6.535691267581137e-07,1.3766573410862964e-05,1.2706230976185915e-06,2.4812813676789644e-06,1.3045102433853758e-06
63,1.619877343487003e-05,6.792253397688663e-06,4.0253166353070054e-05,3.2697708681286645e-06,1.129711097308084e-06,1.9088912028993493e-05,2.4350839424800173e-05,7.994600046956143e-08,0.00022136481702434192,2.821473505957908e-06,6.601180669849836e-07,1.4002534324822683e-05,1.2795464201352454e-06,2.4881617503915678e-06,1.3296439978712983e-06
64,1.6406465406199048e-05,6.921321078980073e-06,4.046343162480252e-05,3.2783228055037776e-06,1.142747358765309e-06,1.9281686114769018e-05,2.458577887869034e-05,8.294287224105669e-08,0.00022158792964788908,2.809570308169036e-06,6.643045397611915e-07,1.4207554635003899e-05,1.2883618396098294e-06,2.497969262301778e-06,1.3542741844817441e-06
65,1.6591148509594814e-05,6.999520326775509e-06,4.088087555817401e-05,3.3324793112637363e-06,1.149044839920821e-06,1.9610874700022286e-05,2.498461733704745e-05,8.875517839845032e-08,0.00022215967326438672,2.8432299820551243e-06,6.769181198071109e-07,1.4348060069669349e-05,1.3102340104440995e-06,2.542981128172259e-06,1.3796902961465783e-06
66,1.685775056112731e-05,7.0624688979029505e-06,4.176331166495299e-05,3.449357689027606e-06,1.1691361857196117e-06,2.0173325028208305e-05,2.5677285724699134e-05,9.024702946638707e-08,0.00022302030699859328,2.8650548642647034e-06,6.859113379536362e-07,1.4482199311039933e-05,1.3542101601877246e-06,2.6330132879144738e-06,1.415205802922721e-06
67,1.7291252209740188e-05,7.155026649524874e-06,4.301992392095152e-05,3.6116178405264168e-06,1.1941475396734106e-06,2.0925954500053503e-05,2.6615155112373634e-05,8.394701156475818e-08,0.00022419528079671943,2.920882729887737e-06,7.013979342940478e-07,1.4660014068415114e-05,1.417744786092062e-06,2.7591743873267215e-06,1.4606113739395077e-06
68,1.7918787939682525e-05,7.291237899314628e-06,4.465611274595807e-05,3.8051220297108372e-06,1.2198636031318394e-06,2.1754962700002444e-05,2.765226082623988e-05,8.157277507324224e-08,0.00022568262389009068,2.990098575667011e-06,7.220965463279369e-07,1.4894647344216461e-05,1.4999390171172385e-06,2.9088166030020026e-06,1.5139156260186067e-06
69,1.880937623708829e-05,7.486408736803826e-06,4.684023763697841e-05,4.0522764645702e-06,1.2626971762977017e-06,2.2807610022314042e-05,2.8970099213432204e-05,8.568518761053044e-08,0.0002289514672364035,3.085001463667409e-06,7.445302391304281e-07,1.5226964375426263e-05,1.610403425069196e-06,3.0974671432632353e-06,1.5904947415730611e-06
70,1.9959131999814077e-05,7.731176277243173e-06,4.976581090181173e-05,4.376278788792294e-06,1.3378129929242356e-06,2.4231048915631747e-05,3.0749095905940226e-05,9.419303510833354e-08,0.0002353653300407594,3.236205482367694e-06,7.71861781805629e-07,1.566302408421762e-05,1.761179816597749e-06,3.3463425433215992e-06,1.6888073623971556e-06
71,2.1264558772356667e-05,8.014084787885727e-06,5.306741710978224e-05,4.739442397834369e-06,1.4249799178290297e-06,2.5900279280891236e-05,3.284876503403239e-05,1.0036039166205699e-07,0.0002448459349069822,3.434319970050113e-06,8.011323173126576e-07,1.617777836863306e-05,1.9358007430158916e-06,3.63615622469656e-06,1.7831367059709087e-06
72,2.101282413001056e-05,8.051430518929983e-06,5.244837030748386e-05,4.762619839913494e-06,1.4608290224124905e-06,2.5600479939254977e-05,3.2439835473530045e-05,1.0271577648176804e-07,0.00025669966538883544,3.7077379577950044e-06,8.43894462899982e-07,1.6223206285599934e-05,1.972830265591487e-06,3.6639068610286907e-06,1.8026332302765323e-06
73,2.080114586610074e-05,8.156336015098828e-06,5.177835693852039e-05,4.7498962764693415e-06,1.493795830169336e-06,2.532710455181431e-05,3.202465053574702e-05,1.047339139331098e-07,0.0002724500973920363,4.016293458713248e-06,8.917642479244044e-07,1.6394690125824105e-05,1.994483621076488e-06,3.656738624457584e-06,1.8233306031857826e-06
74,2.0926221689969905e-05,8.39458404861784e-06,5.202708639627737e-05,4.772135744235105e-06,1.5370696559454275e-06,2.5432454230577166e-05,3.2120516134963576e-05,1.079137170382395e-07,0.0002932740158059334,4.353713378426835e-06,9.483371802722693e-07,1.681753395369406e-05,2.0222262459743497e-06,3.6707503917414247e-06,1.8614142649320536e-06
75,2.1039420151541975e-05,8.686264830118789e-06,5.227052909600509e-05,4.7851977440669095e-06,1.593594406828472e-06,2.5480590317937842e-05,3.2177584623254064e-05,1.1370573812266603e-07,0.000319106802809335,4.755927956337016e-06,1.0209702696643825e-06,1.73389413587659e-05,2.0404443811273886e-06,3.6707951199706865e-06,1.9073623458280605e-06
76,2.157062615044737e-05,9.091219269442255e-06,5.3389964356898705e-05,4.868384487266427e-06,1.679689801192266e-06,2.594914102188265e-05,3.277934746924747e-05,1.2263494630614577e-07,0.0003229852342879333,4.8439984210311266e-06,1.0597255352209055e-06,1.8075985822495968e-05,2.095155418776104e-06,3.7209134944507188e-06,1.9732822651580468e-06
77,2.2679687971524358e-05,9.610682979238739e-06,5.583274068131158e-05,5.057079253681078e-06,1.786434886068762e-06,2.706650071287558e-05,3.4212678744728516e-05,1.3224349931681683e-07,0.0003314917894488137,4.969003377225755e-06,1.1051595658972683e-06,1.9047761298253163e-05,2.208587899151419e-06,3.852354036009658e-06,2.060224578614589e-06
78,2.4515894376924373e-05,1.0225877044313254e-05,6.0256301846771584e-05,5.419019410445924e-06,1.9142256855051824e-06,2.9123293552483786e-05,3.68461005141275e-05,1.416231406767883e-07,0.00035343529344642377,5.2788206393732275e-06,1.1700832180775748e-06,2.025148713464847e-05,2.4205249118089916e-06,4.118141803099124e-06,2.175437686949697e-06
79,2.740655449664011e-05,1.097336729689105e-05,6.778151661659429e-05,6.0125137381788215e-06,2.0557214044154034e-06,3.2605229689320654e-05,4.127902645039779e-05,1.5076936571175286e-07,0.0003936603519318304,5.915095062662769e-06,1.2565875780844204e-06,2.172349134773195e-05,2.7837079639903665e-06,4.568199712457512e-06,2.3332786966019003e-06
80,3.318903921725277e-05,1.2095434864588089e-05,8.321081506014976e-05,7.134922931858184e-06,2.261204529436199e-06,3.966193346736619e-05,5.028617447415395e-05,1.6630705670315336e-07,0.0004721139559835999,7.2725689127492205e-06,1.398826061368419e-06,2.393520265240913e-05,3.5025272866762694e-06,5.4210218150926395e-06,2.5844285176755988e-06
81,4.493326653127318e-05,1.3706433674114854e-05,0.00011527939583158098,9.223869339797618e-06,2.5826388566981334e-06,5.427962026002853e-05,6.897168904411795e-05,1.9444594169856217e-07,0.0006152844275517237,1.008630198821038e-05,1.6151810440824486e-06,2.712200101348354e-05,4.996615476661782e-06,7.030480891468718e-06,2.9824196240108734e-06
82,7.732801589083601e-05,1.6313799414200097e-05,0.0002044566092335938,1.3784434742439345e-05,3.105707621837521e-06,9.505987611302813e-05,0.00012134089703314208,2.252837671433741e-07,0.0009232018910512973,1.7473152557603876e-05,1.9493261170937393e-06,3.225143690760132e-05,8.931670544802609e-06,1.052499575406604e-05,3.6377174966919267e-06
83,0.0003228752302514053,2.0857421781791145e-05,0.0008027545726037254,3.019358705139944e-05,3.972264865692874e-06,0.00039929615391207356,0.0005102111110968982,2.990568630270763e-07,0.0019517320745607342,6.834313108272178e-05,2.4887666414197864e-06,4.1037262718273894e-05,3.4402278084939435e-05,2.316888674129408e-05,4.644738744221478e-06
84,0.003712830506430628,2.0069174012973868e-05,0.008723842670879837,3.240069316905082e-05,3.914718992378097e-06,0.004270166566864325,0.005398092615974479,2.851516286719061e-07,0.002137533654977251,0.0007671669070072013,2.41678915901335e-06,3.953917968337812e-05,0.00032342219569712357,2.460959007021354e-05,4.5238402073152085e-06
85,0.0010693151483570037,1.926904109591394e-05,0.002906930041237275,2.5742862727168952e-05,3.840553323723023e-06,0.0013079142832114414,0.0016974935159031774,2.7983323994217903e-07,0.0017310811497318287,0.0002453158078892402,2.3442376890099613e-06,3.792219612186097e-05,0.00011935224936310026,1.9417626850532897e-05,4.392161162600157e-06
86,0.0006814754513626405,1.9258559984678434e-05,0.001878472816779621,2.3161904362624603e-05,3.876289082570033e-06,0.000834036461547113,0.0010859415099254712,2.872520324801705e-07,0.001578027962603845,0.00015814276069264966,2.3463847871251128e-06,3.7833327328042894e-05,7.821645826880518e-05,1.739222844784994e-05,4.400767630295615e-06
87,0.0005099790561218789,1.9787303200037362e-05,0.001413259370464839,2.2097051980758157e-05,4.006631270433454e-06,0.0006219340822500065,0.0008115453470246064,3.030639313140766e-07,0.0015305252086434812,0.00011802295856266452,2.411893535483659e-06,3.883784880018008e-05,5.913512698819812e-05,1.6542335530449e-05,4.530657724179439e-06
88,0.00042880871473592244,2.0762464319759987e-05,0.0011982077557841132,2.203354888443624e-05,4.192491395350815e-06,0.0005240966234453641,0.0006842545438846938,3.272115040608526e-07,0.0015667553144565396,0.00010073343676470295,2.553826536533438e-06,4.071909591046077e-05,5.163631370311374e-05,1.6519446260885733e-05,4.76281539222209e-06
89,0.0005261842980920768,2.233991610492669e-05,0.0014955495275177618,2.454282155215028e-05,4.5235852420892635e-06,0.00064858934360368,0.0008509246382881044,3.598018132123299e-07,0.001797548012653811,0.0001258067457784897,2.801712795880742e-06,4.3818145612409045e-05,6.640472352407867e-05,1.8398340486243603e-05,5.1715581904372095e-06
90,0.0008372999245791855,2.4619154009506475e-05,0.0024126239311326736,2.992285970384106e-05,5.055072028270012e-06,0.001043086120604894,0.0013722501402409625,4.011339399225774e-07,0.002289255379300018,0.00020852836505614016,3.1596528433222848e-06,4.843409573465962e-05,0.00011335908654922263,2.2453093205466152e-05,5.797708223698392e-06
91,0.002201397079921782,2.8185490395702035e-05,0.0058735527454752585,3.956407033813301e-05,5.8477926210004205e-06,0.0028152541108074523,0.003626491990440218,4.812856569320129e-07,0.003279384234027288,0.0005612047097605364,3.6897094940008033e-06,5.5867192498178014e-05,0.00029169794484684225,3.0068159536059335e-05,6.755083999948082e-06
92,0.004617159362025037,3.4489140697007194e-05,0.011616843500083168,5.809691469230003e-05,7.123054677320102e-06,0.005863346147012242,0.007550666392576085,5.913213950471696e-07,0.005497931559067951,0.0010677820083549066,4.551873889590665e-06,6.959498610562126e-05,0.000602290539388171,4.5502249193520886e-05,8.333562374138151e-06
93,0.7656853939438135,4.941008217826723e-05,0.580267103958406,0.00011087734852632704,1.0038582337264049e-05,0.7089000470761492,0.6682492576690853,8.51793516361957e-07,0.012004009528054605,0.8586782118983491,6.489509372468993e-06,0.00010271304705794159,0.9177648572546764,8.826404330889259e-05,1.1793888369609924e-05
94,0.21329729896363883,8.760864722246492e-05,0.36291086471556405,0.0002666052762491192,1.74605181398525e-05,0.26362992538412494,0.29658882643624246,1.4945658292738122e-06,0.030319479582380616,0.13638989779016683,1.1282876772287136e-05,0.00018680157323508728,0.0795490093902876,0.00021336020887238405,2.0229537463771526e-05
95,0.009307913388474254,0.0004752606081040471,0.02633461414687632,0.9986522105738579,9.470245238241324e-05,0.01265023185462951,0.016119860289463477,8.53471887006567e-06,0.8790666679981385,0.002074419321526379,6.518648051806457e-05,0.0009506533994940544,0.0011828251256134768,0.9988132326421103,0.00011014423231381251
96,0.001663865846238434,0.07203935837427265,0.004549910376604568,0.00023975740419836643,0.03692597074829091,0.0021212886174905143,0.0027660351926498453,0.004446060359641417,0.025677414402201552,0.0004099885378751076,0.008969252403267425,0.07889388944523118,0.00021425810845847258,0.00023787965410179687,0.03515223225588625
97,0.0022729005433090943,0.024695648559019703,0.006166698523924984,0.00011559851340160985,0.023350440936628688,0.002887395149888161,0.003766707445184034,0.0057767793795286205,0.010926593263642316,0.0005865256017108117,0.007645097897026844,0.028292792735066078,0.00028351280227719724,0.00011046373884274571,0.02447850802730804
98,0.0044088258291193035,0.014594117910565819,0.011046876495948862,0.00010340473875947684,0.009068132443489781,0.005533318860848798,0.007116502911906186,0.001972875875646607,0.009377904315343948,0.0010515996684116726,0.0037283415363713705,0.018686508677033524,0.0005993188399164245,9.298821376001252e-05,0.009109517350743382
99,0.15743525651063794,0.010164250771478396,0.14893043850814452,0.00012609431036151228,0.004936139001902483,0.15267353087832086,0.1530647287640467,0.0008837294676935629,0.012386160744843694,0.20599854667898845,0.00230074269151294,0.014030571726315695,0.297111759844495,0.00010680277090371123,0.004649872697525651
100,0.13489446405240002,0.00785761471346935,0.1393128569032778,0.00026203076301837245,0.003280567030838886,0.1363319548260651,0.1387638611308019,0.0005015650536690355,0.024917788622971424,0.12798546382609371,0.0015876362380550521,0.011412327188542206,0.11598843339661107,0.0002120857712487368,0.002971967750717737
101,0.1230258927418014,0.006476954121333746,0.1251654026037725,0.15446400564763277,0.0024304270974424315,0.1232666492099115,0.1250152377903577,0.000318922244632603,0.15171031835769225,0.11650459449603981,0.0012010969453449547,0.009774353063039537,0.11057318903643792,0.15235923648312183,0.0021665583210840863
102,0.1153843249434289,0.005245529153565662,0.11669215295655036,0.137325735094751,0.0017685878992198963,0.11506181973497129,0.11625942452107764,0.00020308890134491508,0.12628469033689074,0.10570473084408477,0.0009596279916610007,0.008393552657248409,0.1058972267401963,0.13642240666415442,0.0016092579164915543
103,0.1107091485033658,0.004647953470721051,0.11171474039058023,0.12431573579788302,0.0014502487849528509,0.11029530044648805,0.11115013597145429,0.00015550853424240745,0.11631738116184427,0.10408618953623834,0.00074026751310226,0.007695683604284827,0.10420273181785869,0.12349274302319536,0.0013728394625053485
104,0.10923064800382593,0.004762337471043772,0.11025940781670199,0.11554608349952261,0.0014681476221448484,0.10883828442005634,0.10967375317966534,0.0001673181593726474,0.11407116038342166,0.10866638807444547,1.4865992045902394e-05,0.007958168629823584,0.10626955762992615,0.11463836315199692,0.0014473921748653492
105,0.11348371278738263,0.011024923782367182,0.11433224037017127,0.11030385272796372,0.003991476083977979,0.11291055304338513,0.1140832518194671,0.0006232049106581432,0.11827240342724063,0.1229140596438973,4.4717144695337635e-06,0.01661606838662275,0.118857755281529,0.10911457891231938,0.004024249646704394
106,0.1147002648487995,0.03917708992752248,0.11585436703305803,0.10869429694541152,0.02041001518849667,0.11422869820998977,0.11554965819501509,0.004233719147108947,0.1302096211830855,0.135835626271993,2.7498862834325827e-06,0.04477526808253268,0.11783303363166553,0.10732803478587734,0.01928905221237131
107,0.11482688281810076,0.08065440116774496,0.11597384688259998,0.11311886683675196,0.17293176393866974,0.11439661871584032,0.11568911104331026,0.308946448832862,0.15833720968765164,0.15592520253215425,2.042202787755388e-06,0.056511737519804296,0.11701876822838807,0.11207268650895837,0.09967985380050579
108,0.1145363006672988,0.07232644455009253,0.11560817667557757,0.11456177079937889,0.08372424547956246,0.11408940852445022,0.11532025401683273,0.09316367541746688,0.009604608132908744,0.00010456009184935172,1.62738529398352e-06,0.058160102015588765,0.1158594577699294,0.11387788941811315,0.13739845197949205
109,0.11416902165104206,0.027094700926574927,0.11519886519887981,0.11462745126037223,0.01466178422732198,0.11370978635954787,0.11489119487323515,0.004784938706751242,0.001850990664747316,2.1597330643338125e-05,1.345987341661852e-06,0.03778180023034803,0.11483105604789136,0.11413380271369748,0.02150760807155721
110,0.1139276705536117,0.009591205484357537,0.1149832757812544,0.11417112745350708,0.0030727244587176778,0.11346920228133121,0.11465739388055787,0.0005837375276841414,0.0008539222548516671,1.0799894228855151e-05,1.143981427670239e-06,0.01578468991743611,0.11431940804504097,0.11331378201365046,0.004225643401201942
111,0.11389014217002562,0.006679325152682377,0.11498461823819553,0.11346847800821334,0.0017160023581578494,0.11347542540191904,0.11467655157443411,0.0002732375290957454,0.0005354125946091808,7.206229401684099e-06,9.937418132929062e-07,0.011894836086154862,0.11448239240019915,0.11221810203762311,0.002358947050353892
112,0.1139088475717154,0.012221855688034761,0.11504460614136278,0.1130983705573169,0.004016673112777688,0.11355242086040106,0.11476614216985287,0.0005942665203804791,0.0003827200766654561,5.412755918220924e-06,8.792741366928801e-07,0.01977988412198191,0.11447409076019988,0.11182441643479112,0.005236906278230197
113,0.11399148317265588,0.017810225270284235,0.11516795253395407,0.11352331191970504,0.005639395988501653,0.11361620066843628,0.11483992356167355,0.000860995062968415,0.00029288521203726486,4.24557775967125e-06,7.896210672572129e-07,0.028231778040236445,0.11524120174830224,0.11321481801891264,0.007519446648424855
114,0.11405916835357763,0.03192060155553747,0.11519523953755575,0.1139522707570209,0.009968211733006447,0.11364432714986207,0.11485282579755778,0.0016980364291975531,0.000261586966929788,3.679757561871511e-06,7.396483307321152e-07,0.047632623608847194,0.11565651863729488,0.11396306399361848,0.014420157843534988
115,0.11409973437744157,0.14097187019163496,0.11518256704584486,0.11506601206856602,0.12181813661420113,0.11366182523258492,0.11484853983015848,0.04727686885866407,0.000262837682704031,3.6689638341867363e-06,7.812932438736004e-07,0.1197755029892188,0.11570138671371316,0.11429893270992404,0.19405096183591516
116,0.11410129911165566,0.14331001948154787,0.11517331060081751,0.1155798510544027,0.21705643960850296,0.1136432459735514,0.11481834989742201,0.4246767376659149,0.00027548787376907086,3.927710357799042e-06,8.577591108808575e-07,0.13031230211430705,0.11552609932991414,0.11428804231567126,0.3342708476061967
117,0.11409962578002783,0.3989058735350962,0.1151635184981087,0.11565396180481351,0.35947896462462936,0.11362733333345355,0.11481097735799885,0.1377840384566618,0.0002947459704621899,4.275096822331674e-06,9.458043984612857e-07,0.37133922783465173,0.11545769538998953,0.11415112341490667,0.1706629622445955
118,0.11406059501596834,0.03879602383469536,0.11511732515798678,0.11532316236292625,0.03413018501580361,0.11356539011043171,0.11478749731640395,0.08698554712915552,0.00032060671096880653,4.691332616099284e-06,1.0390750991893546e-06,0.04590151740892415,0.11551307271436675,0.11358346177356321,0.03185748135541107
119,0.1140210823008621,0.03358205519022111,0.11512823600785996,0.11480347339314266,0.03776351750428598,0.11349362236184118,0.11483454711341383,0.08058897778021688,0.0003564587612936769,5.236400890358151e-06,1.1337473985180655e-06,0.03895353453462821,0.11583068266295596,0.11286016142417475,0.033135197894803015
120,0.11395720428679308,0.033385897031210164,0.11517945387484052,0.1140305756777212,0.036219343310145174,0.11345731048239219,0.11491384252296931,0.040891944714174844,0.0004102011825831923,6.164580574981757e-06,1.2434276375132221e-06,0.03780218325757217,0.11575918690011644,0.11309005046002152,0.032856375365477065
121,0.11395508951030331,0.03400368195746072,0.11512120759524955,0.11349030490332786,0.03501823028270302,0.11342839426024776,0.1148252722508545,0.03656947863616335,0.0005049706600467427,7.839825806444496e-06,1.3468780099194453e-06,0.03777145170367017,0.11522994938189435,0.11309258660309159,0.03277528689819961
122,0.1140026847553083,0.03499064187574322,0.11510107184405352,0.1136367810011335,0.034313392371759004,0.11343703166371372,0.11480061672435922,0.028554150293612416,0.0006878744949235382,1.1249415538035205e-05,1.4369559662395215e-06,0.03866740345933383,0.11461168770950811,0.11297348077870605,0.03428542003485371
123,0.11404151174087024,0.03644723733263352,0.1150933878713375,0.11374828459482499,0.034923036172969754,0.1134743502473761,0.11480213720575945,0.028640145680035926,0.0010401856669529311,2.02555186582255e-05,1.5194468797569937e-06,0.04053852734009743,0.1143078168486226,0.11277578106034167,0.037993532287093096
124,0.11405929088728226,0.03878793447385621,0.11507971660520201,0.11376946284865457,0.03751432823872891,0.11352183820912684,0.11481451639490263,0.03246915355557453,0.0011410065875163337,2.3658010719805868e-05,1.4513383836702821e-06,0.043249839053393316,0.11430751886348141,0.11254688740412391,0.04507567226158483
125,0.11406165096581039,0.04323073555490386,0.1150663902044528,0.11353217040537743,0.04497911283588262,0.11355218352837193,0.11479150066189284,0.04994432294130223,0.0010930372195889569,2.13058429125681e-05,1.377878218138408e-06,0.042997245157331734,0.11459242441434152,0.11260900937926789,0.07311321682923927
126,0.11405176374700671,0.039918668462945256,0.11506502839861009,0.11314296255841957,0.042652639887444666,0.11356202715834261,0.11474866228451691,0.048699248223407016,0.0009586793547850314,1.6621110533449824e-05,1.276843169821869e-06,0.0056943907134288105,0.11499897305219996,0.11285447888917802,0.0793919221342097
127,0.1140470768858924,0.038066034294679994,0.11508091870303634,0.11309580557844365,0.038586385659182126,0.11357223184977434,0.11474034662779597,0.03462069152258309,0.0004936802866865234,7.791045133309576e-06,9.748535147186176e-07,0.002498669023869974,0.11533242134132558,0.11306119279439097,0.0769700699021709
128,0.1140390091041537,0.03999255072450596,0.11511173030476153,0.1138941135100067,0.03322382767724366,0.11357798897279492,0.11473576732259766,0.06341984365926626,0.00031865876997239567,4.894174650542554e-06,7.725574217141688e-07,0.0016277975862033756,0.11525993308361936,0.11317825741873226,0.07400504196753195
129,0.11407688489557478,0.019724471013747708,0.11512583524017378,0.11408408844305479,0.026226771849219926,0.11350422534948898,0.1147642694898734,0.03037725016377108,0.00026800069516600756,3.937508700800106e-06,6.871677747524892e-07,0.0012086245756346944,0.11471674705240187,0.11311943698707241,0.0716992843360317
130,0.11409953415513464,0.013616218861805534,0.11509765164357338,0.11413316342175674,0.01437686655468934,0.1134757862032192,0.11479589552234276,0.012015073899610209,0.0002519215644181185,3.6003957188023433e-06,6.543518586117263e-07,0.001063994552271556,0.11429962556884676,0.11294462595544073,0.06994117314964407
131,0.11409932518397896,0.01380120583052871,0.11510084061579352,0.114232855280938,0.01343107151547864,0.11350337415009322,0.11482668672409195,0.007064141418958782,0.0002374965304852537,3.3493026877850957e-06,6.350505364820919e-07,0.0009713195709764959,0.11419139937182418,0.11286346675226229,0.06837808976912678
132,0.11412709424015308,0.01400050300146587,0.11511312274193673,0.11407772765679479,0.013933548302608088,0.11350482243263503,0.11482347003064598,0.006244765540845725,0.00023667976252788358,3.2925438504827066e-06,6.363486495108052e-07,0.0009008684869868764,0.11446212045413763,0.11264966745797096,0.06715144028898921
133,0.11412511243692937,0.014250931739268292,0.11512411941979987,0.11365461692803779,0.014945534844332465,0.1134907901688604,0.1147982673703448,0.007971896708055749,0.0002327242794065993,3.1725717957850083e-06,6.37178134604992e-07,0.0008394263847563091,0.11432248636792394,0.11250963881067111,0.06643380307791269
134,0.11411002343744357,0.014653561107676115,0.11511896028721622,0.11331030902004668,0.015144520601549081,0.11349463626465892,0.11477093938318142,0.007098555298597571,0.00022862224302271924,3.059826486212423e-06,6.402893453779039e-07,0.000786437604803295,0.11479153789850093,0.1129669850271155,0.06630279763984964
135,0.11408505128399593,0.017003718039429506,0.11507221004686254,0.11302871130127463,0.015514976822101529,0.1135118236837533,0.11475274622680465,0.005930714129487056,0.0002223295184892987,2.923056981810576e-06,6.434075989358563e-07,0.0007325204990781177,0.11525026500822011,0.11306196072610693,0.06736515543742756
136,0.11409109351439961,0.02124825276501581,0.11505973279680158,0.1131518296175002,0.02073091093836795,0.11353504013164234,0.11476217970677526,0.008157593483057014,0.00021416757128920515,2.7401672953335795e-06,6.402764883198846e-07,0.0008249152959829699,0.11508838089074717,0.11285621896727115,0.06859941167260601
137,0.11412168516141996,0.023577584116596,0.11511438113821869,0.11334332082353522,0.02715202699685946,0.11355279836840107,0.11479055833860223,0.013619829112506794,0.0002180559663465149,2.7446771005065754e-06,6.68968211585039e-07,0.005351843744314321,0.11466661851599899,0.11273600355701623,0.0699083780192133
138,0.11417343410287495,0.02627814410837047,0.1151264671836597,0.11338834758607937,0.03816052632339386,0.1135685433535003,0.1148145193131175,0.02989980144000136,0.00022320349888521637,2.794781653376519e-06,7.101288568590923e-07,0.08472663346129486,0.11424353308894686,0.1126044250265848,0.07173166926138426
139,0.11414393216272169,0.029523572330878003,0.11512878751668418,0.11341532443390409,0.05844419705272906,0.11358972282645792,0.11484501052528803,0.06189532254476365,0.00022812829027238991,2.9130361144768667e-06,7.675256537069397e-07,0.03876626938465173,0.11449490137470152,0.11249941878638837,0.07483239800215374
140,0.11413234514041229,0.032598254510336586,0.11513461157862973,0.11344710135886331,0.09098303253406306,0.11361257195668631,0.1148522271132592,0.22321316673459876,0.00023381164661618155,2.996124639419469e-06,8.305866237578936e-07,0.030054268430028046,0.11477617736898091,0.11254313899137944,0.07972960568558898
141,0.11413772685047402,0.03649654273931534,0.1151241371724606,0.11342428623753177,0.11252371099650428,0.11362215829700188,0.11484061879940864,0.23356197514342641,0.0002436420739805028,3.1061966727326947e-06,9.074827219651496e-07,0.026766702121069495,0.11511532417208976,0.11257343750559604,0.07809833338007323
142,0.1141404998027103,0.04052098695120917,0.1150945261385913,0.11334132086135602,0.10649699635187086,0.11361095306396271,0.11479657828453688,0.14044923125941602,0.0002613585530393488,3.3620111865131807e-06,1.0189645114088173e-06,0.02500149732957569,0.11518264823482714,0.11255279999760374,0.06668674653188955
143,0.11411058796185007,0.04670235303137383,0.11508922970083897,0.11332886465429967,0.11671374133424062,0.11359792066261194,0.114810495758308,0.10774633784887705,0.00029272045876077086,3.860290496481753e-06,1.1825022609322104e-06,0.02409003423483207,0.1149700228410228,0.11267451507397579,0.052014660722686894
144,0.11405512342663929,0.04450313942200274,0.11505852073082337,0.11321927012269067,0.08225028704008243,0.11355518473993374,0.1147425983741406,0.027764684467951495,0.00034598817045862175,4.624128588876348e-06,1.4163971667997761e-06,0.022210189332544907,0.11448884882038848,0.11259683879327413,0.039836356671988024
145,0.11403016331247914,0.028038835731455127,0.1150622889936016,0.11318525954736618,0.02120285060854564,0.11357196536375466,0.11481286550514093,0.004298261534229828,0.00044623776458471714,6.034444284948623e-06,1.8016494943096926e-06,0.018948675343173595,0.1144016226860884,0.11280254820985068,0.030669636376455773
146,0.11402750266195591,0.020753271187104908,0.11507241500523337,0.11303554666862824,0.011500078744517429,0.11358842459634406,0.11488411338469894,0.0022407651064777576,0.0006665423216556459,8.917370756729492e-06,2.5477561593669756e-06,0.01956711220421002,0.11438782311798579,0.11292558350301286,0.02412352317545886
147,0.11401871472855114,0.01667310139815972,0.11507930911533486,0.11313315292448631,0.00782774628380365,0.11358157297233298,0.11488973151135308,0.001381709001515692,0.001343921616341066,1.6690196948500725e-05,4.4304543805113244e-06,0.020354009167846188,0.11400525935393026,0.11270863429544492,0.02073095397916439
148,0.1140417182093509,0.014046333229375296,0.11508063171653389,0.11333388581832694,0.006003942132516608,0.11359688282595257,0.1148891700448522,0.0008722225648461563,0.007662178534141876,7.819104930949882e-05,2.1709848191541036e-05,0.01894315872623017,0.11348750378970965,0.11213688410117875,0.01811686575132195
149,0.11408005862492353,0.01234810284787386,0.11508244539495588,0.11348721349578057,0.00491933874574086,0.11361660593993188,0.11486853094054265,0.0006326603280787665,0.9384341939747262,0.9993719783970674,0.007173427894328081,0.017121000418729573,0.11407139957400682,0.11161390346600014,0.015899453548515255
150,0.11411091489364453,0.012214684749167542,0.11509512802408955,0.11367825776412689,0.004747168578566815,0.11364138451863355,0.11482786382802411,0.0005826820488968638,0.014143802008129687,0.00011198355452755154,0.0037844286184137324,0.01671196425973618,0.11528552419046208,0.11233101709593814,0.0073812867692495
151,0.11413042980937928,0.012957661824690143,0.11512308508043846,0.11378103540752549,0.0053049846505820895,0.11366882289595218,0.11481285576767154,0.0006600057175769846,0.006692915229885841,5.110554209653868e-05,0.0023315637294470176,0.0171652548533719,0.11666847168513786,0.11469683291591988,0.007001308599417205
152,0.11413566516954154,0.013966511745896526,0.11515168868063988,0.11367196242438825,0.006419568370469842,0.11365367990782285,0.11478973615263899,0.0008934081047307684,0.004749473667102696,3.690690615808655e-05,0.0019667185558380662,0.017836190425578064,0.1171488876824662,0.11613103059709264,0.006810249387230005
153,0.11411888433232212,0.015196028362901395,0.11515932702051347,0.11326209786420352,0.008131207245869394,0.11362222899111869,0.11481765602565719,0.001340607992491045,0.004299641669415136,3.52915021002913e-05,0.0014951814991967887,0.01870730532062932,0.11488109160621661,0.1158759563994566,0.006801563562295689
154,0.11408275250215522,0.016579353130419167,0.11512432709823155,0.11309224586623441,0.009962123395158593,0.11359207859885709,0.11482088131362408,0.001916792291489109,0.007251755948688477,6.824271415458356e-05,0.0009980853814833626,0.01967527331663774,0.11305453139767371,0.11438910197072352,0.006968243560351607
155,0.11406058234094722,0.018141346088901885,0.11512209370335597,0.11336501431224695,0.012797465279094658,0.11363348295916471,0.11487482217478438,0.00325313279981963,0.15930422727537535,0.15685723022455286,0.0007879292132230585,0.02075946753610281,0.11302328942468892,0.1129009400094268,0.007205589224862417
156,0.11405458948874386,0.020160738214078842,0.11511991722751529,0.11349210125091443,0.018424186546474444,0.11366260291520272,0.11488536680834611,0.008005357604295348,0.1368561683773658,0.13434999860046273,0.0006781169167377099,0.022258408985002646,0.11437864409603556,0.11179811145160005,0.009611173696745934
157,0.11405687826458691,0.022681616593248327,0.11513018653123319,0.11343576632098924,0.030941025074585838,0.11366666615343651,0.11486185713640765,0.03099408847281085,0.12283149246720956,0.12190084426144814,0.0005994451863427312,0.024196327082332356,0.11653555996298436,0.11224827879062134,0.010747828044782979
158,0.11406988070699223,0.024544294457218733,0.1151410273327309,0.11341663905078991,0.03634098365967582,0.1136583114765275,0.11484087529105502,0.06133127784706473,0.11377831436867952,0.11381873188712821,0.0005156195035865323,0.026118128799686786,0.11618416310883461,0.11270813586439869,0.010631922713927376
159,0.11405751527322092,0.026202642859461625,0.11511906702039655,0.11327281317401715,0.03494419978856299,0.11364094573073825,0.11479235871905029,0.04154754792141171,0.10851625860097401,0.10908122899016001,0.0004587801865081682,0.027840929576933893,0.11524708449405784,0.11269090344149281,0.010309803236875054
160,0.11404479723364058,0.02809365016686969,0.11508846128572789,0.11335115270240706,0.034186868473042226,0.11363960219645099,0.11479653940321888,0.03750569607765497,0.10729079593262422,0.10785851725916235,0.00041163812833990975,0.029780009158920682,0.11458260455821731,0.11258023484975264,0.011576435139748317
161,0.11404709305185641,0.03063170391427809,0.11513041340890026,0.11352308155994535,0.03928415100963153,0.11364094978541073,0.11483521865042748,0.048172883070870316,0.11231602153166224,0.11210198273861138,0.00037662557556383336,0.032291796858667406,0.11455796804342716,0.11316779641779387,0.014240371415016776
162,0.11404852982781463,0.05547005769328872,0.11514206903818247,0.11372518215077781,0.05989358485434853,0.11364930788370467,0.11483887600216165,0.057002308529953534,0.11375810978036181,0.11336684219362612,0.0003475494735957728,0.05545332863617088,0.11506669533190893,0.11369124918446091,0.033205362685643204
163,0.11405762017008789,0.06211978064732875,0.11514818474098532,0.11421819917656656,0.07100148676031928,0.11367309772266765,0.11484876776717443,0.08619039717201246,0.11377716783478688,0.1132113498142168,0.0003586010550823618,0.06108290408245588,0.11555909304042869,0.11407939173480422,0.04387768780420641
164,0.11405980371204771,0.07419805347195609,0.11515526638792571,0.11479105532792225,0.09059028572996684,0.11371028642748494,0.11488151687994352,0.21343905658602566,0.11334872504488654,0.11283626581987732,0.0005746966127375846,0.07076347275815727,0.11560355811968193,0.11391903553101375,0.06099398216276936
165,0.11405623427992642,0.0997294353562872,0.11514549258441527,0.11507520717887246,0.15152201408798063,0.11373295666750076,0.11488401665563909,0.2798787534743983,0.1128989849531343,0.11259578202135016,0.0016361925842795395,0.08997035808823303,0.11549215303398382,0.11383184612349459,0.10281356714503621
166,0.11404625061026102,0.16800417929580252,0.11513142159896779,0.11508440138409136,0.2658992598243574,0.11370742376330703,0.1148492773429505,0.10870602630074501,0.11267361309164695,0.11260401884557789,0.0017620688171521642,0.13716004610298096,0.11525339054462842,0.11370356631614098,0.22815261140306378
167,0.1140601740148616,0.3090642011094629,0.11515130911944446,0.115053304437283,0.1319568837952576,0.1136970775783147,0.1148804193533472,0.03745533120713843,0.11272825022015924,0.11243708591299709,0.000990359717732539,0.31566629305668065,0.11500779232115357,0.11346253641795438,0.42075605783528025
168,0.11404402699132946,0.03618885865966428,0.11514281088678825,0.11445511508035897,0.0342939092567226,0.11362130952576238,0.11491066086866061,0.048713312697567145,0.11286360148036775,0.11223705666613903,0.001066964048470659,0.04322114948670101,0.11509316015940457,0.11288084498755799,0.01699035462508155
169,0.1140207425366959,0.03340368991810884,0.11515573396728683,0.11370666164643155,0.03715567833800571,0.11353730553984996,0.11486591043952352,0.04487352998077672,0.11297090995338299,0.11281868629312704,0.001823112011583803,0.03800609662949886,0.11506383380442485,0.11290472829860328,0.017710077872235067
170,0.1140345089383651,0.03505416593311779,0.1151639866993011,0.11357409799708783,0.03856081041493234,0.1135027697260103,0.1148560685381667,0.038127097741750396,0.11297760752640044,0.11298845198385798,0.0022513722854495145,0.038575214832177095,0.11496553948366295,0.11306771184686541,0.01927969924106619
171,0.11405012449350706,0.038793447873261985,0.11514596106786879,0.1138498753147243,0.041125486028072394,0.11351267734940954,0.11483848111337203,0.039152058108367443,0.1129728178618771,0.11345108450706659,0.004155204508824571,0.041527775433311445,0.1148901630276911,0.11308920290437592,0.02150031864346164
172,0.11407174323028998,0.044976817913740336,0.11512341350495908,0.11398934529015606,0.04655494306058769,0.11355275086101312,0.11481638556136205,0.0437589016075455,0.11296224503877661,0.1136013316423845,0.02731074285071639,0.04690396736109064,0.11490413868324229,0.11300480009408322,0.02622402858034851
173,0.1140907573898971,0.051910389108940656,0.11513733507570184,0.11403900633991829,0.054981724178200915,0.11357193580110543,0.11478387288164972,0.05447984768784472,0.11295972350685955,0.11262969337698892,0.912766629557622,0.05300423476240456,0.1150332878917512,0.11284630363117565,0.03452518804957557
174,0.11408750190843403,0.06000341452130586,0.11512949947948269,0.11400481799092185,0.06489913192038747,0.11356392933653592,0.11473605055218834,0.053329470030099635,0.11301267067352029,0.11246729494693604,0.03646249513706553,0.05994041837304365,0.11508364956770237,0.11272022330287672,0.04672828995293252
175,0.11408440811239924,0.0685237223119247,0.11514856105212608,0.11405956691793269,0.07353656209944949,0.11357028536437165,0.11476855395169444,0.07066001249886354,0.11293844156098884,0.11275728429376329,0.0002660195732160765,0.06732005484814338,0.11473889115112818,0.11276973532513211,0.062036502971866456
176,0.11408750335990837,0.07528768315948266,0.11517074871211788,0.11409116428349406,0.07653303368116698,0.11357577736059356,0.11482172941235805,0.07409719052138908,0.11286577578734669,0.1132252362096456,0.0001301402415037264,0.07377359302556732,0.11488642464036843,0.11291479526909505,0.07768472112915012
177,0.11407762474702457,0.07702186503717304,0.11518760511076181,0.11422216059745895,0.07411395593577352,0.11358306520517507,0.11484598948832396,0.07170246740807029,0.11283968272549785,0.11312959645531359,0.00012841330066118618,0.07660590142800196,0.1149181216598803,0.1130842414034864,0.08072914497314983
178,0.11406754338446529,0.07390985877898566,0.11515238139061251,0.11422938074014535,0.07185844018732596,0.11359060010124668,0.11487760821756511,0.06794588662299055,0.11284715004863226,0.11289028595829889,0.0001223683769853944,0.0735851617127643,0.11501783945866491,0.11314491497179587,0.07628476080437946
179,0.11404742863053755,0.07148610332507574,0.11514450661746832,0.1142636035822835,0.06992589484806438,0.11357659283938744,0.11485222810124311,0.06688636965317182,0.1128719444929982,0.112821568633937,0.00012370346508506382,0.07122117480423674,0.11508433245058523,0.11311131187262691,0.07256895537960512
180,0.11406892605415629,0.06975585544334563,0.11516985956061578,0.11429157609210272,0.06865707938785007,0.11358967155007478,0.11484804610373224,0.06703587950543888,0.1129098020788147,0.11275259633502266,0.00012236318825549283,0.06961642842487578,0.11511208366108568,0.11306435576207324,0.06962856540038312
181,0.11411763252813187,0.06871766545295384,0.11520336866114736,0.11430832264224888,0.06797817587327762,0.11361051616526308,0.11487829690816959,0.06660118190690603,0.11292747962149241,0.11261657164321212,0.00011202141947507774,0.0687244782251965,0.11511289180405039,0.11306044191237583,0.06772801267046376
182,0.11415449569137899,0.06836252195197173,0.11523246572446283,0.11434806091870188,0.06843990706175869,0.11361649725692433,0.1148986191692256,0.06841272452446302,0.11293165383371222,0.11274736269555938,0.00010139909060459522,0.06847672779798579,0.1151039237314335,0.113064584136085,0.06707793049867765
183,0.11414729385894798,0.06864445027954792,0.11518581691699399,0.11426586214470208,0.0703068414135101,0.11362025714364518,0.11484886049350053,0.08274736685888653,0.11290953934044907,0.11318731123189493,9.099573502881114e-05,0.06876130389594685,0.11519820720798858,0.11304437533178004,0.06785243651801343
184,0.11411687378025628,0.06956297868468367,0.11508826828284319,0.11421934736873039,0.07491104557091431,0.11363895470804203,0.11479026526795233,0.09481810195066279,0.11282935729284697,0.11348200251299273,8.240798222872907e-05,0.06945109956392534,0.11528428150346863,0.11302627323811794,0.06919488497121204
185,0.11407330207595588,0.0708752131784855,0.11507842965293076,0.11421693049362232,0.07650945368905515,0.1135869983007363,0.11474276979270827,0.07534343260618134,0.11276869731958929,0.11368943307636731,7.534576935956945e-05,0.07041257612002064,0.11523909603218287,0.11313302976601244,0.0690745257350461
186,0.11398061701788423,0.07179898333545259,0.1150323530282783,0.11402951654324124,0.07438441369232762,0.11347094370135685,0.11466936737240782,0.07362157427575214,0.1126926390106168,0.11370920193205399,7.037186202781527e-05,0.07129853153826633,0.1150243858176133,0.11302137923264038,0.06980020766088008
187,0.1137931922030476,0.07217998156773381,0.11495947050374766,0.11379289349270044,0.07289866799587431,0.11328222557423515,0.11459430570788254,0.07086112097420283,0.11256739090918261,0.11307771805676947,7.475793488053012e-05,0.07176569485703892,0.11457342549134636,0.11267848680092163,0.07213383230567091
188,0.11355247417722779,0.07160166341319449,0.11480302733085868,0.11352538834499494,0.07195505285922218,0.11304269458028929,0.11448385488229439,0.06956499170267214,0.11249392957269895,0.11168523903013515,0.00015770056011336052,0.07132096919109543,0.1138286814913596,0.11223801494517344,0.0761261255976132
189,0.11401061559063637,0.06863088049316962,0.1152510252465405,0.11400371885042045,0.06940427558024069,0.11349567576617042,0.11497629611477357,0.06902105699356786,0.11310386554026386,0.11220006711391044,0.0011099375589137467,0.06870337039793052,0.11413320438353768,0.1127590741035045,0.07498178349484079
190,0.11504314528855941,0.05432236726466924,0.11614604300003524,0.1150624530131481,0.05643897876127368,0.11445245173680778,0.11586467804643023,0.054068112076591644,0.1140650626474074,0.11371517035766959,0.002394613223582075,0.052575398175860065,0.11556921622410869,0.11398162491686521,0.05975585170050729
191,0.11632885952382474,0.05777567654484718,0.11729506402371556,0.11638778725805028,0.058950218390899395,0.1156522364039889,0.11694187941848766,0.05801948180911606,0.11515360095503976,0.11531631169771721,0.004164484500170329,0.05627286145882257,0.11732867731955282,0.11564006314232854,0.06114623577431506
192,0.11701621609826891,0.0619452617383872,0.11800416789481033,0.1170532629267207,0.06275024087520445,0.11625904313462865,0.1174814963986493,0.06321327488902743,0.11571127982875946,0.11683824899748614,0.01071628515214536,0.060724582819668214,0.11884573464742318,0.11669003396550649,0.06334810085023951
193,0.11443454881411572,0.06676194925449544,0.11626777738787886,0.11416756529169063,0.06745915527196084,0.11376152248902142,0.11552099951062034,0.0685120673889991,0.11333633297560299,0.11526901828966551,0.5400937913440919,0.06589019241712896,0.11790964832643883,0.1136992543383782,0.06677996510809585
194,0.09516982606632139,0.07212153638729055,0.09392693139314809,0.09516063932088878,0.07391981722916509,0.09494986780662683,0.09303627871676737,0.07311768560057201,0.0925868785389092,0.09595325103475665,0.3803964232716051,0.07175760372129526,0.09524002721351864,0.0946714628960332,0.0706540219544354
195,0.10322377462227005,0.07926319677605333,0.10206963841420601,0.10353207434968045,0.0796333508736945,0.1033126743675608,0.10224345560301841,0.07689976691532188,0.10254041828136022,0.10287870735356866,0.02997258287444332,0.07914488344079493,0.10282896418954415,0.10276101586119109,0.07703004499534485
196,0.11610367188081619,0.08898754805217775,0.11465282543129039,0.11618755918081652,0.08728507403901072,0.11576803780470486,0.115467477034703,0.0846276351246314,0.1160989267990882,0.11356286763042295,0.027826024547035127,0.08878931142520016,0.11516183515266105,0.11419206980972073,0.08622778578196114
197,0.13533546991710407,0.10306115134991635,0.13335267124573125,0.13470417967483553,0.0997523153071319,0.13473715011740836,0.13396141938605746,0.0958947390420694,0.13513104316298608,0.13064331340983937,0.0009366657149222662,0.1033495616166049,0.1332423104148258,0.13263492782449396,0.10004396315753736
198,0.16756351649388923,0.12738728496710547,0.16604858078788332,0.16443117695507253,0.12276059397375658,0.16643058634979827,0.16625513763299385,0.11790071691909183,0.16629427596381352,0.16041022190763152,0.0005979625907407626,0.12901921648376063,0.16135082820326507,0.16314176472113004,0.12316463287777027
199,0.24845181876522046,0.19247591483922288,0.26431960026706625,0.23322251825345233,0.18191164430085574,0.24730181455274103,0.25781116167734974,0.19255331144323484,0.24860805492188517,0.24366750142533677,0.0011592978516777874,0.19440919011525074,0.22974032721925539,0.23831614777617008,0.18106188436823226
