bus,cluster,foreign,medoid_idx
10018,6,,
1002,0,,
10023,6,,
10025,6,,
1005,0,,
10057,11,,
10060,11,,
10069,4,,
10070,4,,
10120,14,,
10134,4,,
10139,4,,
1017,10,,
10171,4,,
10173,4,,
10196,2,,
10197,2,,
10198,2,,
1020,6,,
10201,2,,
10208,13,,
10223,11,,
10234,2,,
10239,2,,
1024,8,,
10244,10,,
10245,10,,
10258,2,,
10259,4,,
1026,8,,
10260,4,,
10261,2,,
1027,11,,
10277,2,,
1028,11,,
10295,4,,
10296,4,,
10297,4,,
10312,15,,
10324,13,,
10339,3,,
10342,3,,
10363,15,,
1038,11,,
10386,11,,
1040,11,,
1041,11,,
1042,11,,
10433,2,,
10441,2,,
10452,2,,
10455,2,,
10456,2,,
10489,1,,
10493,1,,
105,11,,
10564,5,,
10579,4,,
10584,4,,
106,11,,
10606,13,,
10610,4,,
10611,4,,
10613,4,,
10618,4,,
10623,1,,
10683,5,,
10686,5,,
10691,13,,
10696,4,,
10701,10,,
10728,11,,
1076,8,,
10798,4,,
10799,4,,
108,11,,
10805,5,,
1081,11,,
10814,5,,
10821,5,,
10828,5,,
1089,11,,
10900,5,,
10918,5,,
10921,6,,
10937,10,,
10938,10,,
10963,3,,
10966,5,,
10969,11,,
10979,9,,
10981,9,,
10983,9,,
10985,8,,
10986,8,,
10987,8,,
10988,8,,
10991,8,,
11016,5,,
11018,5,,
11019,11,,
1102,11,,
11026,0,,
11033,10,,
11042,10,,
11047,3,,
11048,3,,
11051,3,,
11054,3,,
11055,3,,
11056,3,,
11063,10,,
11064,10,,
11066,10,,
11068,10,,
11069,10,,
1107,11,,
11073,10,,
11078,8,,
11080,8,,
11081,8,,
11085,4,,
11087,4,,
111,9,,
11114,9,,
11116,6,,
11117,6,,
11119,6,,
11121,6,,
11124,6,,
11127,4,,
11133,1,,
11134,1,,
11138,1,,
11139,1,,
11141,6,,
11151,11,,
11153,11,,
11154,11,,
112,9,,
11216,8,,
11217,8,,
1122,11,,
1123,11,,
11230,13,,
11236,13,,
11238,13,,
11243,8,,
11244,8,,
11246,8,,
11253,2,,
11254,2,,
11255,2,,
11256,2,,
11259,2,,
1126,11,,
11260,9,,
11267,3,,
11273,10,,
11278,10,,
11279,10,,
11292,6,,
11295,6,,
11306,11,,
11307,11,,
11308,11,,
11322,6,,
11324,6,,
11327,6,,
11333,10,,
11334,10,,
11336,10,,
11346,6,,
11360,0,,
11361,0,,
11368,4,,
11376,4,,
11396,11,,
11429,0,,
11430,0,,
11432,0,,
11433,0,,
11464,10,,
11470,10,,
11473,10,,
11486,10,,
11517,11,,
11527,11,,
11540,10,,
11541,10,,
11549,10,,
11556,5,,
11566,10,,
11581,10,,
11601,6,,
11603,6,,
11605,6,,
11606,6,,
11607,6,,
11608,6,,
11624,9,,
11625,9,,
11628,9,,
11629,9,,
11660,11,,
11674,8,,
11679,8,,
1168,9,,
11680,8,,
11690,13,,
11703,9,,
11704,9,,
11707,9,,
11708,2,,
11724,6,,
11727,6,,
11730,11,,
11731,11,,
11765,10,,
11769,10,,
11778,5,,
11780,5,,
11789,13,,
11790,13,,
11813,3,,
11816,3,,
11819,3,,
11820,3,,
11821,3,,
11822,3,,
11823,3,,
11824,3,,
11825,3,,
11843,3,,
11849,0,,
11852,0,,
11871,5,,
11898,6,,
1190,6,,
1191,6,,
11919,11,,
11923,11,,
1193,6,,
11936,2,,
11960,13,,
11961,1,,
11967,1,,
11969,1,,
1199,0,,
12,5,,
12081,5,,
12095,6,,
12096,6,,
1210,0,,
12106,13,,
12107,13,,
12109,13,,
12125,9,,
12130,13,,
12135,13,,
12139,13,,
12152,5,,
1220,4,,
1222,4,,
12221,9,,
12236,11,,
12238,11,,
12239,11,,
12241,11,,
12245,8,,
1226,4,,
1227,4,,
12282,6,,
12287,6,,
12288,6,,
12360,5,,
12409,8,,
12410,8,,
12466,4,,
12468,4,,
1247,13,,
12484,3,,
12485,3,,
12487,3,,
12490,3,,
12492,3,,
12493,3,,
12497,3,,
12498,3,,
12499,3,,
1251,13,,
12548,13,,
12590,9,,
1260,11,,
12623,13,,
1265,6,,
12656,4,,
12657,4,,
12660,4,,
12667,0,,
12671,0,,
12676,0,,
12679,0,,
1269,6,,
12704,0,,
1271,6,,
12721,10,,
12722,10,,
12728,9,,
12729,9,,
1273,6,,
12731,9,,
12741,5,,
12754,7,,
12755,7,,
12756,7,,
12757,7,,
12759,9,,
1276,12,,
12761,9,,
12762,9,,
12768,6,,
12769,6,,
12774,5,,
12797,15,,
12798,15,,
12806,5,,
12808,5,,
1281,6,,
12822,12,,
12837,14,,
12839,14,,
1284,6,,
12840,14,,
12841,14,,
12843,6,,
12844,6,,
12855,1,,
12862,9,,
12863,9,,
12881,15,,
12884,15,,
12888,1,,
12893,9,,
12894,9,,
129,11,,
12902,9,,
12903,9,,
12904,9,,
12905,9,,
12907,9,,
12910,15,,
12921,5,,
12936,15,,
12939,11,,
12941,11,,
12954,5,,
12961,1,,
12962,15,,
12967,15,,
12980,1,,
12996,15,,
130,11,,
13000,2,,
13008,0,,
13010,0,,
13012,0,,
13018,7,,
13030,0,,
13039,2,,
13047,2,,
13048,2,,
13049,2,,
13053,6,,
13054,6,,
13056,6,,
13059,6,,
13065,1,,
13066,1,,
13067,1,,
13068,1,,
1308,13,,
13082,1,,
13093,1,,
13095,1,,
13097,2,,
13103,10,,
13113,15,,
13114,15,,
13120,15,,
13121,15,,
13124,5,,
13136,9,,
13137,9,,
13139,9,,
13140,9,,
13141,9,,
13166,11,,
13171,7,,
13192,0,,
13202,9,,
13205,0,,
13206,0,,
13208,0,,
13210,0,,
13215,11,,
13233,15,,
13234,15,,
1324,10,,
13244,0,,
13256,15,,
13262,15,,
13263,15,,
13264,15,,
13280,15,,
13282,15,,
13283,15,,
13290,1,,
13297,12,,
133,11,,
13304,9,,
13316,10,,
13319,10,,
13321,10,,
13323,0,,
13324,0,,
13327,15,,
13333,9,,
13334,9,,
13343,12,,
13344,12,,
13346,12,,
13349,1,,
13354,9,,
1336,9,,
13364,8,,
13365,8,,
13367,3,,
1337,9,,
13380,15,,
13381,15,,
13382,5,,
13383,15,,
13385,5,,
13399,6,,
134,11,,
13400,6,,
13402,6,,
13420,6,,
13433,15,,
13434,15,,
13435,15,,
13436,15,,
13446,15,,
13447,8,,
13448,8,,
13464,11,,
13467,11,,
13472,7,,
1349,12,,
135,11,,
13502,6,,
13504,6,,
13507,5,,
13508,5,,
13513,1,,
13537,5,,
1354,6,,
13543,11,,
13545,11,,
13558,9,,
13562,6,,
13563,6,,
13565,12,,
13575,15,,
13588,14,,
13589,14,,
13593,14,,
1361,6,,
1362,6,,
1363,6,,
13635,1,,
13636,1,,
1364,6,,
13640,1,,
1365,6,,
13655,1,,
13663,5,,
13673,14,,
13675,5,,
13681,9,,
13696,8,,
13698,8,,
137,11,,
13707,8,,
1371,11,,
13713,7,,
13714,7,,
13729,3,,
13735,3,,
13736,3,,
1374,11,,
13740,3,,
13756,14,,
13758,14,,
13766,15,,
13780,1,,
13786,1,,
13787,1,,
13794,6,,
13795,6,,
138,11,,
13804,9,,
13844,9,,
13846,9,,
13851,1,,
13859,14,,
13896,0,,
13905,14,,
13912,6,,
13914,6,,
1394,13,,
1396,13,,
13962,6,,
13992,12,,
13993,12,,
14000,0,,
14002,0,,
14004,0,,
14010,14,,
14023,10,,
14032,8,,
14062,8,,
14068,0,,
1408,14,,
1409,14,,
1410,14,,
14102,10,,
1411,14,,
14122,12,,
14124,12,,
14126,12,,
14127,12,,
14128,12,,
1413,14,,
14144,15,,
14145,14,,
14146,14,,
14147,14,,
14149,14,,
14150,14,,
14152,14,,
14154,14,,
1416,0,,
14162,6,,
1417,0,,
14186,15,,
14189,12,,
14197,12,,
14206,12,,
14212,12,,
14256,5,,
14287,5,,
143,8,,
14305,14,,
14306,15,,
14307,15,,
14308,15,,
14322,14,,
1434,0,,
1439,0,,
14399,5,,
14406,1,,
14477,6,,
14479,5,,
14481,5,,
1449,5,,
1450,5,,
1453,5,,
14532,8,,
1455,5,,
14557,8,,
14569,4,,
1457,5,,
14621,2,,
1463,9,,
14631,1,,
14636,0,,
14652,8,,
14655,9,,
14657,0,,
14659,0,,
14664,8,,
14665,8,,
14671,8,,
14674,6,,
14676,6,,
14678,6,,
14691,1,,
14719,9,,
14721,9,,
14726,3,,
14739,6,,
14741,6,,
14747,8,,
1476,6,,
14765,0,,
14768,0,,
14770,0,,
14771,0,,
14774,6,,
14775,6,,
1478,6,,
14780,0,,
14789,0,,
14791,0,,
14799,12,,
1480,6,,
14809,14,,
1481,6,,
14812,8,,
14832,7,,
1485,1,,
14855,5,,
1486,1,,
14860,0,,
14863,0,,
14887,13,,
14888,13,,
1489,1,,
14890,2,,
14893,2,,
14894,2,,
14895,2,,
14900,9,,
14901,9,,
14902,9,,
14908,14,,
1491,8,,
14910,14,,
14916,11,,
14918,11,,
1492,8,,
14920,8,,
14923,8,,
14932,6,,
14933,6,,
1494,8,,
14952,8,,
14969,0,,
14971,0,,
14973,0,,
14983,8,,
14988,5,,
14991,8,,
14992,8,,
14996,8,,
15013,1,,
15014,1,,
15022,8,,
15023,8,,
15024,8,,
15032,9,,
15038,8,,
15041,8,,
15043,8,,
15046,1,,
15047,1,,
1505,8,,
1507,8,,
15070,12,,
15073,6,,
15080,9,,
15082,9,,
15083,9,,
1509,0,,
15094,0,,
15096,0,,
1510,0,,
15102,12,,
15103,12,,
15105,12,,
15109,3,,
15111,3,,
15113,3,,
15114,3,,
15116,3,,
15119,3,,3
1513,0,,
15132,0,,
15136,0,,
15145,10,,
1515,0,,
1516,0,,
15168,5,,
15172,5,,
15179,10,,
1518,0,,
15186,0,,
15188,6,,
1519,0,,
15192,6,,
15193,6,,
15198,8,,
15201,8,,
15204,8,,
1521,0,,
15219,8,,
15220,8,,
15221,8,,
15225,8,,
15232,8,,
15236,0,,
15258,0,,
15259,0,,
15271,5,,
15317,0,,
15321,0,,
15327,6,,
15351,0,,
15370,12,,
15373,12,,
1542,10,,
15428,12,,
15446,1,,
1545,10,,
15465,6,,
15468,6,,
15496,0,,
155,10,,
15504,9,,
15505,9,,
1551,5,,
15511,0,,
15513,0,,
15517,11,,
15521,11,,
15522,11,,
15523,11,,
15525,8,,
15526,8,,
15527,8,,
15530,11,,
15532,8,,
15550,13,,
15551,0,,
15559,0,,
1556,5,,
15570,0,,
15571,0,,
15574,0,,
15587,0,,
15589,9,,
156,10,,
15629,6,,
15639,6,,
1564,1,,
1565,1,,
15660,0,,
15680,0,,
15696,13,,
15698,13,,
15706,1,,
1571,1,,
1573,1,,
1575,1,,
15758,0,,
15761,0,,
15767,9,,
15773,0,,
1579,1,,
158,10,,
15802,7,,
15805,7,,
15840,6,,
15841,6,,
1585,14,,
15889,9,,
15913,2,,
15916,0,,
15917,0,,
15936,0,,
15939,6,,
15944,6,,
15969,9,,
16,0,,
160,6,,
16006,13,,
16007,13,,
16026,1,,
16055,7,,
16072,13,,
16074,13,,
161,6,,
16109,0,,
16114,0,,
16118,14,,
1613,1,,
16135,0,,
16136,0,,
16192,14,,
16205,2,,
1625,9,,
16293,9,,
1633,9,,
1636,5,,
16389,0,,
1641,5,,
16435,5,,
16437,5,,
16438,5,,
16441,5,,
16454,0,,
16455,0,,
16461,3,,
16462,3,,
16480,10,,
16484,6,,
16485,6,,
16489,9,,
16498,10,,
16506,0,,
16513,6,,
16519,6,,
16528,9,,
16529,9,,
16564,9,,
16567,9,,
16568,9,,
16575,6,,
16584,6,,
16586,6,,
16590,9,,
16598,0,,
16603,0,,
16605,0,,
16607,0,,
16608,0,,
16609,0,,
1661,14,,
16613,0,,
16617,0,,
16628,0,,
1663,14,,
16632,13,,
16634,13,,
16636,10,,
16639,10,,
16645,6,,
16649,6,,
16650,0,,
16654,0,,
16668,10,,
16681,5,,
16690,0,,
167,6,,
16703,6,,
16704,6,,
16724,0,,
16732,0,,
16739,9,,
16752,0,,
16753,0,,
16756,0,,
16758,0,,
1676,4,,
16772,12,,
16773,12,,
16774,12,,
16777,0,,
16780,0,,
16781,0,,
16795,9,,
1680,11,,
16800,12,,
16810,0,,
16811,0,,
16824,6,,
1683,11,,
16831,0,,
16833,0,,
16848,10,,
1685,11,,
16850,1,,
16851,1,,
16860,9,,
16864,9,,
1687,11,,
16874,0,,
16878,0,,
16879,0,,
1688,4,,
16883,0,,
1689,4,,
1691,4,,
1694,4,,
16940,4,,
16942,4,,
16949,4,,
16954,6,,
16967,9,,
16968,9,,
1697,4,,
16971,9,,
16975,3,,
16976,3,,
1698,4,,
16997,1,,
17024,1,,
17026,1,,
17037,0,,
17070,10,,
17094,6,,
1710,4,,
17100,6,,
17101,6,,
1711,4,,
17119,9,,
17131,6,,
17155,0,,
17158,0,,
17159,0,,
17160,0,,
1718,4,,
17206,10,,
1722,4,,
17226,4,,
1724,4,,
1725,4,,
17250,6,,
17262,6,,
17265,6,,
1728,4,,
17297,12,,
17298,12,,
1730,4,,
17301,6,,
17342,6,,
1738,4,,
17396,0,,
17397,0,,
17399,0,,
174,1,,
1740,4,,
1742,4,,
17434,0,,
17445,0,,
17446,10,,
17454,10,,
17458,0,,
17461,0,,
175,1,,
1751,4,,
17521,6,,
17538,8,,
17547,8,,
17549,9,,
17550,9,,
17578,9,,
17579,9,,
17584,0,,
17593,6,,
176,1,,
17607,0,,
17608,0,,
17627,6,,
17679,1,,
1768,4,,
17683,1,,
17693,13,,
177,1,,
17719,1,,
17728,9,,
17739,1,,
1774,4,,
1775,4,,
1777,4,,
17772,6,,
17774,6,,
17775,6,,
17776,6,,
1779,4,,
1780,4,,
1781,4,,
1784,4,,
17870,9,,
17871,9,,
179,0,,
1799,4,,
18018,1,,
1802,4,,
18037,9,,
18039,8,,
1804,4,,
18040,8,,
18041,8,,
18062,1,,
18079,1,,
18083,4,,
18085,4,,
18098,9,,
18099,9,,
18100,9,,
18103,9,,
18109,1,,
1811,4,,
18114,5,,
18117,5,,
1812,4,,
18120,5,,
18121,5,,
1813,4,,
18130,1,,
18134,9,,
18136,9,,
18144,4,,
18151,4,,
18156,11,,
18157,11,,
18170,8,,
18171,8,,
18173,8,,
18176,8,,
18192,9,,
18193,9,,
18195,9,,
18197,9,,
18199,9,,
18208,9,,
18209,9,,
18213,9,,
18214,9,,
18215,9,,
18227,4,,
18228,4,,
18229,4,,
1823,8,,
1825,8,,
18254,9,,
18260,9,,
18261,9,,
18263,1,,
18266,1,,
18271,6,,
1829,4,,
18294,1,,
183,0,,
18300,8,,
18308,4,,
18310,6,,
18313,6,,
18318,6,,
18320,6,,
18321,1,,
18324,1,,
18329,9,,
18333,9,,
18341,9,,
18343,8,,8
18347,8,,
18349,8,,
18352,8,,
1836,4,,
18366,1,,
18368,1,,
18390,9,,
18391,9,,
18394,8,,
18395,8,,
18401,8,,
18406,4,,
18411,1,,
18412,1,,
18426,1,,
1843,4,,
1845,4,,
18451,9,,
18455,9,,
18458,11,,
1846,4,,
18461,9,,
18462,9,,
1847,4,,
1848,4,,
1849,4,,
18503,9,,
18507,8,,
18516,1,,
18544,6,,
18557,9,,
18558,9,,
1856,13,,
18561,9,,
18564,9,,
18565,9,,
18566,9,,
18567,9,,
1857,13,,
18571,9,,
18578,6,,
1858,4,,
186,0,,
18601,5,,
1863,4,,
18643,1,,
18646,1,,
18648,1,,
18655,8,,
18696,1,,
18697,5,,
18706,6,,
18707,6,,
18710,15,,
18713,6,,
18715,6,,
18720,6,,
18723,6,,
18728,1,,
18733,8,,
18737,8,,
18738,8,,
18760,8,,
1878,4,,
18781,1,,
1879,4,,
1881,10,,
18818,1,,
18819,1,,
1882,10,,
18820,1,,
1883,10,,
18838,6,,
18839,6,,
1884,10,,
18841,6,,
18842,6,,
18881,9,,
18882,9,,
18902,6,,
1891,4,,
1894,4,,
18951,5,,
18976,9,,
18977,9,,
1898,4,,
18981,9,,
18983,1,,
1901,13,,
1902,13,,
1903,13,,
19055,8,,
19056,8,,
19064,3,,
19073,9,,
19074,9,,
19101,9,,
19103,9,,
1911,4,,
1912,4,,
19121,6,,
19123,6,,
19124,6,,
19125,6,,
19143,9,,
19147,11,,
19148,11,,
19152,11,,
19153,11,,
1916,4,,
19166,6,,
19168,6,,
1918,5,,
1919,4,,
192,10,,
19204,6,,
19206,6,,
19213,8,,
1923,4,,
1924,4,,
1926,4,,
19278,1,,
19279,1,,
19283,1,,
19284,1,,
19285,1,,
1929,4,,
1930,4,,
19302,1,,
19337,9,,
19338,9,,
19339,9,,
1934,4,,
19340,9,,
19341,9,,
19342,9,,
19345,9,,
19346,9,,
1935,4,,
1936,4,,
1937,4,,
1938,4,,
1939,4,,
19392,9,,
19399,9,,
19400,9,,
1947,10,,
1948,10,,
19495,0,,
1951,10,,
1953,10,,
19538,9,,
19566,9,,
1957,13,,
19577,1,,
19578,1,,
19579,1,,
1958,13,,
1959,13,,
1961,13,,
1963,13,,
1964,13,,
19680,1,,
19683,1,,
1971,0,,
1975,0,,
1977,0,,
19777,9,,
19788,9,,
19799,6,,
198,10,,
1980,4,,
1981,4,,
1985,10,,
1994,4,,
1995,4,,
1996,4,,
19984,5,,
1999,4,,
2,9,,
200,6,,
2000,4,,
2001,10,,
2004,10,,
20044,0,,
20067,0,,
20071,10,,
2009,10,,
2010,10,,
2011,10,,
20114,0,,
2012,10,,
2014,10,,
20141,4,,
20156,5,,
2019,10,,
20250,4,,
2026,4,,
20267,4,,
20269,4,,
2028,4,,
203,6,,
2034,4,,
2044,4,,
2048,13,,
2051,13,,
2052,13,,
2059,13,,
206,5,,
2062,13,,
20622,4,,
2068,4,,
20682,5,,
20697,15,,
2070,4,,
20704,5,,
20706,5,,
20715,12,,
20733,5,,
20744,12,,
2075,4,,
20762,15,,
20778,0,,
2079,4,,
2080,4,,
20810,2,,
20818,5,,
20819,5,,
20820,5,,
20826,0,,
2087,4,,
20884,15,,
20901,0,,
2091,4,,
2092,4,,
2096,4,,
2098,4,,
210,5,,
2110,0,,
2116,4,,
2117,4,,
2118,4,,
2121,4,,
213,11,,
2130,4,,
21302,0,,
21305,15,,
21306,15,,
2133,6,,
21338,2,,
2135,6,,
2138,4,,
2139,4,,
2141,4,,
2142,4,,
21457,11,,
21460,9,,
21461,9,,
21475,15,,
21477,10,,
21486,13,,
215,0,,
21507,1,,
21517,13,,
21521,4,,
21539,13,,
21550,13,,
21569,5,,
2157,4,,
21571,5,,
21573,5,,
21574,5,,
2158,4,,
21582,,43761,
2159,4,,
21596,15,,
21600,12,,
21601,12,,
21607,8,,
21608,8,,
21610,8,,
2163,4,,
21633,9,,
2164,4,,
21677,9,,
2168,4,,
21688,9,,
2169,4,,
21698,15,,
2170,4,,
21709,4,,
21717,6,,
21721,2,,
21724,4,,
21729,5,,
21742,7,,
21747,5,,
21754,2,,
21756,2,,
21760,5,,
21763,5,,
21764,5,,
21765,5,,
21767,5,,
2178,4,,
21780,15,,
21782,4,,
21783,15,,
21793,4,,
218,0,,
21802,0,,
2181,4,,
21811,2,,
21812,2,,
21813,15,,
21817,4,,
21821,15,,
21827,15,,
21828,15,,
2183,4,,
21831,5,,
21832,5,,
2184,4,,
21842,5,,
2185,10,,
21852,5,,
21853,5,,
21854,9,,
21861,5,,
21865,15,,
21873,15,,
21875,5,,
21882,5,,
21883,5,,
21885,4,,
21886,15,,
21888,5,,
21890,5,,
21891,5,,
21892,5,,
21893,8,,
21895,6,,
21897,5,,
21908,4,,
2191,4,,
21911,10,,
2192,4,,
21924,9,,
21942,1,,
21944,4,,
21949,5,,
21950,5,,
21955,12,,
21956,12,,
21957,2,,
21958,2,,
21961,15,,
21965,4,,
21968,5,,
21969,5,,
2197,4,,
21983,2,,
21984,2,,
21985,5,,
21987,2,,
21992,2,,
21993,5,,
21994,5,,
21997,4,,
21999,4,,
22001,4,,
22005,2,,
22009,2,,
2201,4,,
22015,10,,
22019,5,,
22020,2,,
22021,2,,
22024,5,,
22028,2,,
22029,2,,
22034,2,,
22035,2,,
2204,4,,
22040,2,,
22042,0,,
22046,12,,
22049,2,,
2205,4,,
22051,2,,
22061,2,,
22064,5,,
22068,1,,
2207,4,,
22078,8,,
22079,15,,
2208,4,,
22084,5,,
22087,5,,
22088,15,,
2209,4,,
22092,0,,
22094,2,,
22095,2,,
22098,5,,
22099,5,,
221,0,,
22102,15,,
22104,2,,
22105,2,,
22106,2,,
22107,2,,
22109,2,,
22114,2,,
22116,4,,
22117,5,,
22118,5,,
22127,15,,
22128,15,,
22129,2,,
22131,2,,
22134,15,,
22135,15,,
22141,2,,
22143,2,,
22147,4,,
22148,4,,
22156,2,,
22159,6,,
2216,4,,
22161,4,,
22164,4,,
22165,4,,
2217,4,,
22173,4,,
22176,5,,
22180,15,,
22183,5,,
22184,2,,
22191,12,,
22195,15,,
22197,1,,
222,0,,
22200,15,,
22206,15,,
22207,15,,
22208,15,,
2221,4,,
22215,5,,
2222,4,,
22220,5,,
22222,5,,
22225,5,,
22226,5,,
22230,5,,
22231,5,,
22233,15,,
22234,5,,
22236,10,,
22238,5,,
22240,5,,
22243,5,,
22250,5,,
22251,5,,
22255,5,,
2226,4,,
22266,5,,
22267,5,,
22268,5,,
22274,5,,
22276,5,,
22277,5,,
22283,5,,
2229,4,,
22292,5,,
22294,10,,
22295,10,,
22303,5,,
22310,15,,
22311,5,,
22312,5,,
22317,5,,
22318,5,,
22319,5,,
22322,10,,
22332,10,,
22334,0,,
22342,6,,
22344,2,,
22360,5,,
22363,9,,
22367,9,,
2237,8,,
22370,9,,
22381,11,,
22382,8,,
22388,9,,
22389,9,,
22395,4,,
224,0,,
22412,9,,
22423,5,,
22425,8,,
22427,15,,
2243,8,,
22442,8,,
22449,5,,
22450,5,,
22462,0,,
22463,2,,
22475,2,,
22539,2,,
22543,10,,
22544,5,,
22549,9,,
2256,13,,
22570,5,,
22575,10,,
22577,5,,
2259,13,,
22605,10,,
22614,1,,
22616,9,,
22617,9,,
22632,5,,
22694,11,,
22697,5,,
22702,8,,
2271,4,,
22716,15,,
22719,5,,
22728,15,,
2275,4,,
22750,4,,
22753,11,,
22762,10,,
22774,8,,
22776,5,,
22796,11,,
228,0,,
2281,4,,
22819,10,,
22822,4,,
22823,4,,
22845,4,,
22853,0,,
22907,14,,
22945,5,,
22947,5,,
22948,5,,
22951,8,,
2297,4,,
22993,6,,
22994,2,,
22995,2,,
22996,0,,
23,0,,
23002,9,,
23004,0,,
23005,15,,
23011,5,,
23020,6,,
23021,6,,
23025,0,,
23040,2,,
23041,5,,
23042,6,,
23043,6,,
23044,6,,
23045,6,,
23047,5,,
23048,11,,
23052,11,,
23053,11,,
23056,9,,
23057,9,,
23058,9,,
23059,9,,
23061,9,,
23063,8,,
23064,8,,
23066,8,,
23068,9,,
23070,10,,
23074,9,,
23076,8,,
23082,8,,
23092,7,,
23099,8,,
2310,4,,
23104,4,,
23115,2,,
23116,2,,
23121,9,,
23122,9,,
23124,9,,
23125,9,,
2313,4,,
23134,5,,
23135,5,,
23136,8,,
23137,4,,
23141,10,,
23142,4,,
23150,9,,
23151,9,,
23154,0,,
23159,8,,
23160,8,,
23161,8,,
23165,10,,
23171,0,,
23172,4,,
23173,4,,
23179,10,,
23180,10,,
23181,10,,
23182,5,,
23188,6,,
23191,5,,
23197,14,,
232,0,,
23207,0,,
23208,0,,
23215,8,,
23221,14,,
23223,8,,
23225,11,,
23227,9,,
23229,10,,
2323,4,,
23230,10,,
23233,2,,
23235,10,,
23242,4,,
23247,4,,
23249,4,,
23250,4,,
23253,11,,
23258,2,,
23262,15,,
23269,5,,
23272,9,,
23273,5,,
23279,6,,
23281,4,,
23287,0,,
23288,14,,
23295,4,,
23296,9,,
23298,0,,
23304,10,,
2331,4,,
23310,6,,
2332,4,,
23323,0,,
23326,0,,
23328,0,,
23329,7,,
2333,4,,
23336,0,,
23337,0,,
2334,4,,
23347,0,,
23355,11,,
23358,4,,
2336,4,,
23364,5,,
23373,11,,
23377,1,,
2338,4,,
23381,5,,
23386,0,,
23390,8,,
23391,2,,
23393,8,,
2340,11,,
23409,15,,
23410,15,,
23419,5,,
23422,14,,
23429,8,,
23436,15,,
23437,15,,
23439,0,,
2344,4,,
23445,10,,
23448,5,,
23449,5,,
23451,12,,
23456,15,,
23459,5,,
23462,5,,
23466,4,,
2347,4,,
23473,1,,
23476,15,,
23478,0,,
2348,4,,
23482,15,,
23484,0,,
23488,0,,
2349,4,,
23492,5,,
23493,5,,
23496,5,,
23498,5,,
23501,4,,
23502,4,,
23505,10,,
23509,0,,
23510,5,,
23512,14,,
23514,10,,
2352,4,,
23522,5,,
23525,9,,
23526,9,,
2353,4,,
23531,8,,
23533,8,,
23535,2,,
23536,15,,
23537,15,,
23538,5,,
2354,4,,
23543,10,,
23548,2,,
23549,2,,
2356,4,,
23564,4,,
23570,4,,
23575,11,,
23579,1,,
23580,1,,
23581,1,,
23582,1,,
23586,8,,
23587,8,,
23594,0,,
23596,8,,
23619,1,,
23626,1,,
23627,9,,
2363,4,,
23630,7,,
23631,7,,
23638,4,,
23642,0,,
23643,9,,
23646,14,,
23647,12,,
23649,12,,
23658,3,,
23663,0,,
23665,2,,
23670,14,,
23671,14,,
23675,14,,
23680,7,,
23700,5,,
23704,0,,
23708,0,,
23716,12,,
23717,12,,
23718,12,,
2372,13,,
23721,0,,
23723,14,,
23727,2,,
23729,2,,
23730,9,,
23731,9,,
23739,0,,
23745,14,,
23757,7,,
23765,1,,
23766,14,,
23778,11,,
23780,15,,
23786,15,,
23789,5,,
23793,14,,
23794,5,,
23804,0,,
23805,12,,
23806,12,,
23807,2,,
2381,4,,
23811,2,,
23812,2,,
23814,2,,
23822,2,,
23826,15,,
23827,12,,
23828,12,,
23844,12,,
23845,12,,
23847,11,,
2385,4,,
23851,2,,
23864,5,,
23866,1,,
23872,11,,
23875,2,,
23886,2,,
23889,2,,
23891,2,,
23893,8,,
23903,7,,
23918,5,,
23922,1,,
2393,4,,
23930,1,,
23939,10,,
23941,10,,
23944,5,,
23946,5,,
23948,5,,
23950,10,,
2396,4,,
23960,5,,
23961,5,,
23968,5,,
23981,12,,
23986,5,,
23989,12,,
23990,0,,
23993,0,,
23996,14,,
24,5,,
2400,4,,
24004,0,,
24005,2,,
2401,4,,
24021,5,,
24031,1,,
24036,15,,
24038,12,,
24041,1,,
24043,4,,
24046,12,,
24047,12,,
24049,12,,
24058,5,,
24068,15,,
24069,5,,
24072,5,,
24080,5,,
24081,2,,
24084,10,,
24090,5,,
24091,5,,
24100,15,,
24101,5,,
24103,5,,
24106,5,,
24114,12,,
24125,6,,
24127,8,,
24156,9,,
2416,4,,
24168,9,,
24176,6,,
24185,5,,
24188,5,,
24190,0,,
24198,11,,
24216,11,,
2423,4,,
24239,10,,
24242,6,,
2425,4,,
24256,9,,
24257,9,,
24258,11,,
24267,11,,
24268,11,,
2427,4,,
24276,9,,
24277,9,,
2428,4,,
24285,5,,
24289,9,,
24290,9,,
24291,9,,
24292,9,,
243,8,,
24313,5,,
24319,9,,
2432,4,,
24321,9,,
24322,9,,
24326,8,,
24327,8,,
24331,9,,
24339,11,,
2434,4,,
24342,9,,
24343,9,,
24344,9,,
24354,9,,
24356,9,,
24367,9,,
24376,9,,
24387,8,,
2439,4,,
24390,9,,
24392,9,,
24398,9,,
244,8,,
24407,9,,
24411,9,,
24412,9,,
24414,9,,
24415,9,,
24416,9,,
24419,9,,
2442,4,,
24420,9,,
24421,9,,
24426,9,,
24427,8,,
24428,8,,
2443,4,,
24432,9,,
24434,9,,
24436,5,,
24439,9,,
24446,3,,
24449,4,,
2446,4,,
24460,9,,
24462,15,,
24464,15,,
24465,15,,
24466,2,,
24477,1,,
24478,12,,
24479,12,,
24499,5,,
24505,5,,
24508,8,,
24510,8,,
24522,15,,
24531,1,,
24534,8,,
2454,4,,
24549,5,,
24550,5,,
24566,12,,
24574,5,,
24575,5,,
2458,4,,
24588,2,,
24589,5,,
2459,4,,
24609,12,,
2461,4,,
24610,11,,
24612,11,,
2462,4,,
24638,12,,
24646,9,,
2465,4,,
24664,9,,
24672,0,,
24691,5,,
24696,8,,
24704,0,,
24707,6,,
24721,1,,
24737,9,,
24745,4,,
24747,2,,
24752,13,,
24780,10,,
24803,4,,
24807,9,,
24809,9,,
2482,6,,
24820,9,,
24823,3,,
24827,5,,
24829,8,,
24877,6,,
24888,15,,
249,12,,
24912,2,,
2492,4,,
2493,4,,
24932,9,,
24935,12,,
2494,4,,
2495,4,,
24972,8,,
2499,4,,
24998,0,,
25,5,,
250,12,,
25003,10,,
25011,8,,
25012,8,,
25016,10,,
2502,4,,
25024,9,,
25033,0,,
2505,4,,
25058,10,,
2506,4,,
25067,10,,
25069,6,,
2509,4,,
25107,8,,
25137,5,,
2514,10,,
25146,5,,
2515,10,,
2517,10,,
2518,13,,
25182,9,,
2521,10,,
2522,10,,
2525,10,,
2526,10,,
2529,10,,
25291,4,,
25292,5,,
25306,9,,
25364,2,,
2538,13,,
25389,5,,
25392,8,,
25402,8,,
2541,13,,
25426,15,,
25429,14,,
25446,1,,
25482,15,,
25485,4,,
25487,14,,
25488,2,,
25489,15,,
25502,2,,
25506,2,,
25507,5,,
25522,5,,
2553,4,,
25530,15,,
25535,6,,
25537,8,,
2554,4,,
25542,15,,
25545,12,,
25555,15,,
25560,9,,
25577,9,,
25580,5,,
25590,0,,
25592,8,,
25596,14,,
25617,0,,
25623,6,,
25628,5,,
25634,8,,
25637,5,,
25638,5,,
25645,2,,
25655,8,,
25662,5,,
25689,15,,
25693,2,,
257,0,,
25700,15,,
25707,8,,
25708,0,,
25712,15,,
25720,4,,
25721,5,,
25722,5,,
25735,8,,
25736,8,,
25737,12,,
25740,4,,
25746,15,,
25757,4,,
25758,2,,
25774,13,,
25795,8,,
25796,8,,
2580,3,,
25806,13,,
25811,8,,
25817,8,,
25822,8,,
25858,13,,
2586,4,,
25865,8,,
25873,13,,
25876,8,,
25880,8,,
25881,8,,
25882,8,,
25884,8,,
25885,8,,
25886,8,,
25888,8,,
2589,4,,
25893,8,,
25894,8,,
25897,8,,
25902,8,,
25908,8,,
25921,8,,
25922,8,,
25926,8,,
25950,5,,
25991,2,,
260,0,,
26003,5,,
26014,5,,
26030,0,,
26031,8,,
26033,8,,
26035,8,,
26041,8,,
26045,13,,
2611,4,,
2612,4,,
2621,4,,
2635,4,,
2637,4,,
2638,4,,
264,3,,
2645,4,,
26467,5,,
2647,4,,
26491,7,,
265,3,,
2651,4,,
2654,4,,
2655,4,,
266,3,,
2660,4,,
26626,10,,
26639,5,,
2664,4,,
2666,4,,
2667,4,,
2668,4,,
26688,15,,
26692,15,,
26698,8,,
267,3,,
26721,5,,
26724,15,,
26727,9,,
26729,5,,
26738,5,,
2674,11,,
2675,11,,
26754,15,,
2676,11,,
26760,9,,
26766,5,,
2678,11,,
26783,14,,
26787,4,,
26791,5,,
26793,15,,
268,3,,
26800,14,,
26803,5,,
2681,11,,
26817,8,,
26819,15,,
26821,15,,
26823,14,,
26833,14,,
26835,15,,
26841,15,,
26843,14,,
26847,14,,
26850,15,,
26853,9,,
26854,15,,
26859,12,,
26865,6,,
26867,14,,
26873,8,,
26882,5,,
26884,5,,
26895,7,,
26898,15,,
269,3,,
26905,5,,
26907,15,,
26909,5,,
26918,15,,
26924,5,,
26932,8,,
26941,5,,
26943,11,,
26956,10,,
26958,10,,
26960,10,,
26968,7,,
26974,8,,
26975,8,,
26976,9,,
26979,9,,
2698,10,,
26989,5,,
2699,10,,
26994,9,,
26996,9,,
26998,9,,
27005,9,,
27007,9,,
27012,8,,
27014,8,,
27015,4,,
2702,10,,
27022,8,,
27024,9,,
27027,9,,
2703,10,,
27030,8,,
27033,8,,
27036,9,,
27038,9,,
2704,10,,
27040,9,,
27044,9,,
27046,9,,
27047,9,,
27051,8,,
27057,11,,
27060,12,,
27064,15,,
27068,5,,
27076,12,,
27080,5,,
27087,11,,
27091,14,,
27092,12,,
27093,12,,
27095,9,,
27100,8,,
27102,8,,
27105,12,,
27106,1,,
27115,2,,
2712,4,,
27122,15,,
27126,2,,
2713,4,,
27132,7,,
27133,8,,
27149,5,,
2715,4,,
27151,5,,
27167,4,,
27172,5,,
2718,4,,
27186,14,,
2719,4,,
27190,9,,
27193,14,,
27196,15,,
27205,9,,
27208,8,,
2721,4,,
27216,8,,
27223,9,,
2724,4,,
27242,8,,
27245,2,,
27261,0,,
27262,0,,
2728,4,,
27280,2,,
27284,8,,
27285,8,,
27289,7,,
2729,4,,
273,9,,
27301,9,,
27304,8,,
27306,15,,
27312,14,,
27333,14,,
27335,8,,
27336,8,,
27339,14,,
2734,10,,
27341,14,,
27344,15,,
27345,7,,
27347,14,,
27353,15,,
27361,15,,
27363,15,,
27368,14,,
27370,14,,
27380,14,,
27382,9,,
27392,15,,
27403,15,,
27412,14,,
27414,14,,
27417,10,,
27419,14,,
27422,14,,
27430,4,,
27433,14,,
27438,1,,
27444,14,,
27447,14,,
2745,4,,
27457,12,,
27469,8,,
2747,4,,
27473,1,,
27479,5,,
27480,12,,
27488,8,,
27491,,43761,
275,13,,
27503,8,,
2751,4,,
2752,4,,
27520,15,,
27522,15,,
27527,2,,
27528,9,,
27530,5,,
27542,14,,
27548,9,,
27553,9,,
27570,14,,
27580,2,,
27623,1,,
2764,4,,
27648,8,,
2765,4,,
27669,5,,
2767,4,,
27670,5,,
27687,1,,
27688,6,,
27694,2,,
27700,11,,
27708,12,,
27714,7,,
27715,5,,
27716,5,,
27721,15,,
27723,15,,
27726,1,,
27735,15,,
2774,2,,
27744,0,,
27747,8,,
27748,8,,
27750,15,,
27753,15,,
27758,5,,
27762,15,,
27763,15,,
27764,15,,
27765,15,,
27767,15,,
27770,7,,
27774,14,,
27781,15,,
27782,14,,
27785,15,,
27789,15,,
27792,12,,
27793,12,,
27794,15,,
27795,15,,
27796,15,,
27797,15,,
27802,14,,
27804,14,,
27806,15,,
27808,15,,
2781,4,,
27812,15,,
27814,14,,
27815,14,,
27818,15,,
27820,12,,
27821,15,,
27823,12,,
27825,15,,
27827,5,,
27828,5,,
2783,4,,
27834,7,,
27836,15,,
27839,7,,
27840,14,,
27841,14,,
27842,14,,
27845,14,,
27846,7,,
27848,7,,
27853,1,,
27856,1,,
27857,1,,
27858,12,,
27859,12,,
27860,15,,
27861,15,,
27864,12,,
27872,1,,
27874,1,,
27876,5,,
27878,8,,
27881,15,,
27885,14,,
27886,15,,
27888,5,,
27891,5,,
27892,1,,
27893,1,,
27894,14,,
279,5,,
27901,9,,
27909,1,,
27911,1,,
27915,15,,
27917,15,,
27919,15,,
2792,4,,
27931,9,,
27939,15,,
27940,15,,
27942,5,,
27943,5,,
27945,15,,
27947,8,,
27952,5,,
27958,7,,
27963,15,,
27966,5,,
27968,15,,
27971,15,,
27972,15,,
27977,2,,
27979,15,,
27981,15,,
27984,14,,
27985,1,,
27987,1,,
27988,1,,
2799,4,,
27990,14,,
27992,5,,
27993,5,,
27999,15,,
280,5,,
28001,15,,
28002,15,,
28005,7,,
28006,15,,
28017,15,,
28020,14,,
28022,15,,
28023,1,,
28026,8,,
28027,8,,
28030,1,,
28031,15,,
28036,15,,
28037,15,,
28038,15,,
28042,5,,
28044,12,,
28045,12,,
28048,8,,
28049,8,,
28051,15,,
28053,1,,
28056,1,,
2806,4,,
28060,1,,
28061,8,,
28062,15,,
28067,15,,
28071,15,,
28072,5,,
28073,5,,
28075,15,,
28076,14,,
28081,5,,
28083,14,,
28084,14,,
28088,14,,
28090,15,,
28092,14,,
28094,14,,
281,5,,
28101,6,,
28104,1,,
28106,14,,
28107,14,,
28108,15,,
28113,5,,
28114,5,,
28116,14,,
28117,15,,
28118,15,,
28120,15,,
28125,15,,
28126,15,,
28129,8,,
28132,5,,
28133,1,,
28137,14,,
28138,14,,
28141,5,,
28142,14,,
28144,14,,
28145,14,,
28146,14,,
28147,14,,
28149,15,,
28150,14,,
28152,14,,
28154,7,,
28155,7,,
28156,7,,
28158,14,,
28159,14,,
28160,14,,
28162,12,,
28163,12,,
28164,7,,
28165,7,,
28166,12,,
28171,15,,
28175,1,,
28177,14,,
28182,7,,
28183,7,,
28184,14,,
28185,14,,
28186,14,,
28187,14,,
28189,15,,
28191,14,,
28194,7,,
28195,15,,
28196,15,,
28200,15,,
28202,12,,
28205,14,,
28206,14,,
28208,7,,
28211,12,,
28213,7,,
28215,15,,
28217,14,,
28221,14,,
28223,14,,
28227,7,,
28228,14,,
2823,4,,
28230,14,,
28231,14,,
28235,,43761,
28236,14,,
2824,4,,
28240,14,,
28247,7,,
28248,7,,
28250,5,,
28256,15,,
28257,15,,
28258,15,,
2826,4,,
28264,1,,
28266,15,,
28267,15,,
28271,15,,
28276,14,,
28278,14,,
2828,4,,
28282,5,,
28283,15,,
28285,15,,
28288,5,,
28291,15,,
28293,14,,
28295,14,,
28297,15,,
28298,7,,
28301,8,,
28304,14,,
28307,7,,
28310,15,,
28314,14,,
28317,15,,
2832,4,,
28322,14,,
28324,14,,
28326,14,,
28327,15,,
28328,14,,
2833,4,,
28330,15,,
28346,12,,
28347,14,,
28349,7,,
28352,14,,
28355,2,,
28356,2,,
28358,1,,
28360,8,,
28363,12,,
28365,5,,
28366,5,,
28368,1,,
28373,15,,
28378,1,,
2838,4,,
28383,5,,
28384,15,,
28386,15,,
28389,12,,
28391,15,,
28396,15,,
28399,15,,
28405,5,,
28406,5,,
28412,14,,
28416,12,,
28418,1,,
28420,1,,
28421,1,,
28424,10,,
28427,7,,
28432,1,,
28434,15,,
28436,8,,
28443,15,,
28445,1,,
28447,9,,
28448,9,,
28452,5,,
28457,5,,
28460,5,,
28463,15,,
28464,15,,
28465,12,,
28473,5,,
28474,5,,
28475,5,,
28489,8,,
2849,4,,
28490,8,,
28491,8,,
28493,8,,
28496,8,,
28497,2,,
28499,9,,
28503,5,,
28504,10,,
28505,9,,
28506,8,,
28509,9,,
28530,15,,
28536,9,,
2854,4,,
28540,12,,
28550,15,,
28552,9,,
28553,5,,
28555,5,,
2856,4,,
28562,12,,
28566,8,,
28567,15,,
28578,5,,
28580,8,,
28582,15,,
2859,4,,
28590,10,,
28593,12,,
28603,14,,
28604,14,,
28606,5,,
28608,5,,
28621,15,,
28625,5,,
2864,4,,
2865,4,,
28653,0,,
28657,14,,
28658,15,,
28684,7,,
28690,15,,
28698,9,,
28709,15,,
28718,7,,
2872,4,,
28722,15,,
28724,7,,
28728,1,,
2873,4,,
28733,14,,
28734,14,,
28738,15,,
28742,2,,
28743,1,,
28745,14,,
28755,9,,
28762,1,,
28763,1,,
28765,1,,
28768,14,,
28769,14,,
28770,1,,
28772,2,,
28775,8,,
28776,8,,
2878,13,,
28782,14,,
28784,15,,
28786,14,,
2879,13,,
28792,14,,
28793,11,,
28796,8,,
28825,2,,
28832,1,,
28835,7,,
28837,1,,
28838,4,,
28839,14,,
28842,5,,
28845,1,,
28848,14,,
28850,15,,
28853,8,,
28855,1,,
28859,0,,
28862,14,,
28864,14,,
28867,1,,
28868,1,,
28873,14,,
28876,15,,
28878,14,,
28881,1,,
28882,14,,
28884,1,,
28890,14,,
28891,14,,
28892,14,,
28897,14,,
28904,15,,
28905,1,,
28906,14,,
28909,15,,
2891,10,,
28913,7,,
2892,10,,
28927,7,,
28928,1,,
28932,1,,
28933,1,,
28935,15,,
28938,5,,
2894,4,,
28943,7,,
28944,7,,
28946,1,,
28947,7,,
28950,5,,
28952,1,,
28959,1,,
28960,1,,
28961,14,,
28962,14,,
28964,7,,
28967,15,,
2897,10,,
28970,7,,
28975,7,,
28976,14,,
28978,7,,
28979,7,,
28980,7,,
28981,14,,
28983,7,,
28993,15,,
28994,15,,
290,5,,5
29000,14,,
29005,14,,
29010,7,,
29011,7,,
29016,1,,
29018,12,,
29020,15,,
29023,1,,
29027,15,,
29034,1,,
29035,1,,
2904,4,,
29041,15,,
29042,1,,
29045,1,,
29048,15,,
29052,12,,
29053,9,,
29055,1,,
29058,14,,
29062,15,,
29064,14,,
29066,15,,
29067,15,,
29073,7,,
29074,15,,
29075,15,,
29081,15,,
29088,14,,
29090,15,,
29095,15,,
29097,15,,
29098,15,,
29101,5,,
29103,1,,
29104,1,,
29113,15,,
29114,15,,
29115,14,,
29116,14,,
29120,1,,
29122,14,,
29136,15,,
29137,15,,
29143,15,,
29146,1,,
29147,1,,
29148,14,,
29150,1,,
29157,15,,
29158,15,,
29159,14,,
29162,1,,
29163,1,,
29165,1,,
29167,15,,
29168,14,,
29169,12,,
29173,5,,
29175,1,,
29177,15,,
29182,5,,
29186,1,,
29187,14,,
29191,7,,
29193,15,,
29194,15,,
29201,1,,
29202,14,,
29205,1,,
29206,1,,
2921,13,,
29210,1,,
29219,7,,
2922,13,,
29223,7,,
29230,14,,
29232,15,,
29235,14,,
29237,14,,
29242,0,,
29247,15,,
29250,14,,
29253,5,,
29254,1,,
29255,1,,
29258,14,,
2926,13,,
29262,7,,
29265,1,,
29266,5,,
2927,13,,
29279,14,,
29280,14,,
29282,14,,
29283,7,,
29291,7,,
29293,1,,
29294,15,,
29296,7,,
29298,7,,
2930,4,,
29302,7,,
29309,14,,
2931,4,,
29313,7,,
29316,7,,
29319,7,,
29321,14,,
29324,14,,
29325,14,,
29329,7,,
2933,4,,
29339,7,,
2934,4,,
29342,7,,
29344,8,,
29345,7,,
29350,7,,
29354,10,,
29361,14,,
29364,15,,
29366,5,,
29368,15,,
29373,14,,
29377,14,,
29390,1,,
29393,1,,
29394,1,,
29396,14,,
29400,15,,
29407,14,,
29413,7,,
2942,4,,
29421,7,,
29423,15,,
29429,15,,
29431,5,,
29437,14,,
29438,14,,
29440,,43761,
29447,7,,
29448,7,,
29450,7,,
29458,2,,
29460,2,,
29461,7,,
29467,7,,
29469,2,,
29470,8,,
29476,7,,
29480,1,,
29484,5,,
29485,1,,
29496,14,,
29498,15,,
2950,4,,
29508,7,,
29530,14,,
29538,1,,
29550,1,,
29567,1,,
29570,1,,
29577,2,,
29579,1,,
29582,2,,
29590,1,,
29591,1,,
29592,1,,
29602,15,,
29604,5,,
29607,1,,
29612,1,,
29615,1,,
29623,15,,
29625,1,,
29637,1,,
29658,8,,
29684,5,,
29689,9,,
29693,14,,
29694,15,,
29695,15,,
29697,15,,
29704,15,,
29724,8,,
29725,8,,
29775,15,,
29776,15,,
29786,5,,
29790,15,,
29791,15,,
29794,15,,
29795,15,,
29821,14,,
29823,15,,
29843,5,,
29852,5,,
29863,1,,
29867,15,,
29875,15,,
29891,15,,
29899,1,,
29901,1,,
29912,15,,
2992,10,,
29921,15,,
2993,10,,
2994,10,,
29940,15,,
29949,15,,
29955,1,,
2996,10,,
2997,10,,
29980,8,,
3,9,,
300,14,,
30004,,43761,
30045,13,,
30046,13,,
3005,4,,
30051,5,,
30053,2,,
30064,15,,
30066,2,,
30068,2,,
3008,4,,
30083,5,,
30085,5,,
30093,12,,
301,14,,
3011,4,,
3012,4,,
30121,14,,
30124,8,,
30130,8,,
30132,14,,
30134,4,,
30135,4,,
30138,10,,
3014,4,,
30140,6,,
30141,10,,
30143,8,,
30148,15,,
3015,4,,
30150,8,,
30154,15,,
30155,5,,
30158,5,,
30159,5,,
30161,15,,
30163,5,,
30168,5,,
30169,14,,
30171,5,,
30173,8,,
30180,8,,
30181,11,,
30188,8,,
30192,0,,
30195,5,,
3020,4,,
30202,5,,
30207,9,,
30208,9,,
30222,8,,
30232,5,,
30235,8,,
30237,6,,
30246,5,,
30249,7,,
30251,10,,
30253,14,,
30254,14,,
30256,7,,
30259,2,,
30264,2,,
30275,14,,
30282,8,,
30297,8,,
30300,8,,
30303,10,,
30304,10,,
30318,15,,
30332,12,,
30333,15,,
30335,12,,
30338,12,,
30342,10,,
30346,5,,
30350,5,,
30357,12,,
3036,4,,
30376,15,,
30403,14,,
30409,1,,
3041,4,,
30430,10,,
3044,4,,
3053,4,,
3055,4,,
3060,4,,
3063,4,,
3067,4,,
3069,4,,
307,5,,
3070,4,,
3073,4,,
3085,10,,
3086,10,,
30864,5,,
30865,5,,
30866,14,,
30867,14,,
30868,15,,
30869,5,,
30870,5,,
30871,5,,
30872,0,,
30873,0,,
30874,8,,
30875,5,,
30876,8,,
30877,14,,
30878,14,,
30879,14,,
30880,4,,
30881,8,,
30882,8,,
30883,8,,
30884,8,,
30885,10,,
30886,4,,
30887,4,,
30888,0,,
30889,0,,
30890,0,,
30891,4,,
30892,4,,
30893,4,,
30894,4,,
30895,4,,
30896,4,,
30897,9,,
30898,4,,
30899,4,,
30900,4,,
30901,4,,
30902,4,,
30903,4,,
30904,4,,
30905,4,,
30906,4,,
30907,4,,
30908,4,,
30909,4,,
3091,4,,
30910,4,,
30911,4,,
30912,4,,
30913,9,,
30914,15,,
30915,15,,
30916,15,,
30917,9,,
30918,9,,
30919,9,,
3092,4,,
30920,4,,
30921,4,,
30922,4,,
30923,4,,
30924,15,,
30925,15,,
30926,15,,
30927,4,,
30928,4,,
30929,8,,
30930,8,,
30931,8,,
30932,0,,
30933,4,,
30934,4,,
30935,8,,
30936,8,,
30937,4,,
30938,14,,
30939,4,,
30940,4,,
30941,4,,
30942,4,,
30943,4,,
30944,4,,
30945,4,,
30946,4,,
30947,4,,
30948,15,,
30949,15,,
3095,4,,
30950,6,,
30951,14,,
30952,9,,
30953,8,,
30954,10,,
30955,10,,
30957,10,,
30958,10,,
30959,0,,
3096,4,,
30960,0,,
30961,9,,
30962,9,,
30963,4,,
30964,15,,
30965,4,,
30966,4,,
30967,5,,
30968,15,,
30969,9,,
30970,5,,
30971,5,,
30972,5,,
30973,5,,
30974,4,,
30975,1,,
30976,4,,
30977,4,,
30978,0,,
30979,4,,
30980,4,,
30981,4,,
30982,1,,
30983,15,,
30984,0,,
30985,0,,
30986,5,,
30987,8,,
30988,0,,
30989,1,,
30990,9,,
30991,4,,
30992,0,,
30993,8,,
30994,0,,
30995,15,,
30996,0,,
30997,0,,
30998,0,,
30999,0,,
310,14,,
31000,5,,
31001,0,,
31002,0,,
31003,5,,
31004,5,,
31005,5,,
31006,5,,
31007,5,,
31008,6,,
31009,6,,
31010,6,,
31011,6,,
31012,1,,
31013,6,,
31015,6,,
31016,13,,
31017,5,,
31018,13,,
31019,4,,
31020,13,,
31021,6,,
31022,6,,
31023,6,,
31024,13,,
31025,13,,
31026,13,,
31027,5,,
31028,5,,
31029,5,,
31030,8,,
31031,9,,
31032,6,,
31033,6,,
31034,14,,
31035,14,,
31036,6,,
31037,13,,
31038,10,,
31039,5,,
31040,5,,
31041,8,,
31042,6,,
31043,6,,
31044,9,,
31045,5,,
31046,1,,
31047,14,,
31048,14,,
31049,8,,
31050,8,,
31051,10,,
31052,10,,
31053,10,,
31054,10,,
31055,14,,
31056,14,,
31057,4,,
31058,4,,
31059,6,,
31060,6,,
31061,6,,
31062,6,,
31063,6,,
31064,10,,
31065,10,,
31066,10,,
31067,4,,
31068,4,,
31069,4,,
31070,4,,
31071,4,,
31072,4,,
31073,4,,
31074,6,,
31075,6,,
31076,6,,
31077,6,,
31078,6,,
31079,6,,
31080,4,,
31081,4,,
31082,6,,
31083,4,,
31084,6,,
31085,6,,
31086,4,,
31087,4,,
31088,4,,
31089,4,,
31090,5,,
31091,6,,
31092,4,,
31093,4,,
31094,4,,
31095,4,,
31096,4,,
31097,4,,
31098,4,,
31099,1,,
311,14,,
31100,13,,
31101,8,,
31102,4,,
31103,4,,
31104,4,,
31105,4,,
31106,4,,
31107,4,,
31108,4,,
31109,4,,
31110,4,,
31111,8,,
31112,6,,
31113,13,,
31114,13,,
31115,13,,
31116,13,,
31117,0,,
31118,0,,
31119,0,,
31120,4,,
31121,4,,
31122,8,,
31123,4,,
31124,4,,
31125,5,,
31126,5,,
31127,5,,
31128,5,,
31129,6,,
31130,6,,
31131,6,,
31132,6,,
31133,6,,
31134,6,,
31135,6,,
31136,10,,
31137,13,,
31138,14,,
31139,8,,
31140,7,,
31141,4,,
31142,4,,
31143,10,,
31144,5,,
31145,5,,
31146,5,,
31147,5,,
31148,5,,
31149,5,,
31150,5,,
31151,14,,
31152,0,,
31153,4,,
31154,4,,
31155,1,,
31156,1,,
31157,1,,
31158,1,,
31159,1,,
31160,1,,
31161,1,,
31162,13,,
31163,13,,
31164,13,,
31165,1,,
31166,1,,
31167,1,,
31168,1,,
31169,1,,
31170,1,,
31171,1,,
31172,1,,
31173,1,,
31174,1,,
31175,14,,
31176,14,,
31177,1,,
31178,1,,
31179,1,,
31180,5,,
31181,5,,
31182,14,,
31183,14,,
31184,14,,
31185,14,,
31186,14,,
31187,4,,
31188,4,,
31189,15,,
31190,4,,
31191,4,,
31192,14,,
31193,4,,
31194,4,,
31195,4,,
31196,5,,
31197,5,,
31198,4,,
312,14,,
31200,11,,
31201,15,,
31202,14,,
31203,4,,
31204,4,,
31205,4,,
31206,8,,
31207,13,,
31208,9,,
31209,7,,
31210,7,,
31211,7,,
31212,14,,
31213,6,,
31214,10,,
31215,4,,
31216,4,,
31217,4,,
31218,4,,
31219,4,,
31220,4,,
31221,4,,
31222,4,,
31223,4,,
31224,4,,
31225,4,,
31226,4,,
31227,0,,
31228,4,,
31229,4,,
3123,13,,
31230,8,,
31231,15,,
31232,10,,
31233,15,,
31234,14,,
31235,4,,
31236,4,,
31237,7,,
31238,4,,
31239,4,,
3124,13,,
31240,15,,
31241,15,,
31242,15,,
31243,0,,
31244,0,,
31245,5,,
31247,4,,
31248,4,,
31249,1,,
3125,13,,
31250,4,,
31251,15,,
31252,15,,
31253,15,,
31254,4,,
31255,10,,
31256,10,,
31257,9,,
31258,9,,
31260,15,,
31261,15,,
31262,15,,
31263,15,,
31264,5,,
31265,5,,
31266,4,,
31267,5,,
31268,0,,
31269,0,,
31270,15,,
31271,6,,
31272,3,,
31273,6,,
31274,1,,
31275,15,,
31276,15,,
31277,4,,
31278,15,,
31279,15,,
31280,15,,
31281,8,,
31282,1,,
31283,1,,
31284,3,,
31285,10,,
31286,10,,
31287,10,,
31288,10,,
31289,4,,
31290,4,,
31291,13,,
31292,14,,
31293,14,,
31295,15,,
31296,15,,
31297,15,,
31298,11,,
31299,4,,
313,14,,
31300,4,,
31301,1,,
31302,15,,
31303,10,,
31304,10,,
31305,10,,
31306,15,,
31307,15,,
31308,15,,
31309,15,,
31310,1,,
31311,6,,
31312,6,,
31313,13,,
31314,13,,
31315,13,,
31317,11,,
31318,11,,
31319,11,,
31320,6,,
31321,6,,
31322,6,,
31323,0,,
31324,10,,
31325,14,,
31326,2,,
31327,14,,
31328,11,,
31329,11,,
31330,15,,
31331,4,,
31332,4,,
31335,4,,
31336,10,,
31337,10,,
31338,8,,
31339,1,,
31340,9,,
31341,10,,
31342,10,,
31343,4,,
31344,4,,
31345,4,,
31346,0,,
31347,4,,
31348,8,,
31349,4,,
31350,4,,
31351,15,,
31352,12,,
31353,4,,
31354,1,,
31355,4,,
31356,4,,
31357,4,,
31358,4,,
31359,4,,
31360,10,,
31361,10,,
31362,14,,
31363,14,,
31364,4,,
31365,15,,
31366,11,,
31367,4,,
31368,0,,
31369,0,,
31370,1,,
31371,10,,
31372,11,,
31373,11,,
31374,11,,
31375,8,,
31376,6,,
31377,6,,
31378,6,,
31379,11,,
31380,7,,
31381,14,,
31382,6,,
31383,8,,
31384,4,,
31385,0,,
31386,14,,
31387,4,,
31388,13,,
31389,15,,
31390,1,,
31391,7,,
31392,14,,
31393,10,,
31394,8,,
31395,11,,
31396,5,,
31397,15,,
31398,15,,
31399,15,,
314,14,,
3140,10,,
31400,6,,
31401,5,,
31403,1,,
31404,8,,
31405,8,,
31406,10,,
31407,10,,
31408,10,,
31409,8,,
31410,2,,
31411,10,,
31412,10,,
31413,10,,
31414,10,,
31415,5,,
31416,6,,
31417,8,,
31419,11,,
31420,4,,
31421,4,,
31422,4,,
31423,12,,
31424,10,,
31425,9,,
31426,6,,
31427,14,,
31428,6,,
31429,0,,
31430,0,,
31431,5,,
31432,5,,
31433,6,,
31434,6,,
31435,6,,
31436,6,,
31437,6,,
31438,11,,
31439,14,,
31440,14,,
31441,7,,
31442,6,,
31443,6,,
31444,5,,
31445,6,,
31446,6,,
31447,8,,
31448,6,,
31449,6,,
31450,6,,
31451,10,,
31452,4,,
31453,14,,
31454,1,,
31455,0,,
31456,0,,
31457,6,,
31458,6,,
31459,6,,
3146,10,,
31460,5,,
31461,5,,
31462,1,,
31463,10,,
31464,10,,
31465,10,,
31466,10,,
31467,13,,
31468,13,,
31469,13,,
31470,6,,
31471,4,,
31472,13,,
31473,4,,
31474,4,,
31475,14,,
31476,4,,
31477,4,,
31478,5,,
31479,5,,
31480,0,,
31481,1,,
31483,10,,
31484,10,,
31485,1,,
31486,1,,
31487,1,,
31488,4,,
31489,0,,
3149,13,,
31490,5,,
31491,10,,
31492,0,,
31495,4,,
31496,4,,
31497,1,,
31498,8,,
31499,4,,
31500,4,,
31501,4,,
31502,10,,
31503,10,,
31504,10,,
31505,10,,
31506,10,,
31507,10,,
31508,10,,
31509,6,,
31510,7,,
31511,7,,
31512,7,,
31513,7,,
31514,7,,
31515,7,,
31516,7,,
31517,14,,
31518,7,,
31519,7,,
31520,4,,
31521,7,,
31522,8,,
31523,1,,
31524,13,,
31525,13,,
31526,10,,
31527,4,,
31528,4,,
31529,4,,
31531,3,,
31532,1,,
31533,1,,
31534,1,,
31535,0,,
31536,7,,
31537,4,,
31538,8,,
31539,1,,
31540,4,,
31541,4,,
31542,4,,
31543,3,,
31544,6,,
31545,6,,
31547,8,,
31548,8,,
31549,8,,
31550,8,,
31551,10,,
31552,10,,
31553,7,,
31554,0,,
31555,7,,
31556,0,,
31557,0,,
31558,0,,
31559,0,,
31560,0,,
31561,0,,
31562,7,,
31564,4,,
31565,4,,
31566,7,,
31569,3,,
31572,7,,
31573,7,,
31574,9,,
31575,7,,
31576,7,,
31577,7,,
31578,7,,
31579,7,,
3158,4,,
31580,13,,
31581,13,,
31582,4,,
31583,4,,
31584,4,,
31585,4,,
31586,4,,
31587,4,,
31588,4,,
31589,4,,
31590,4,,
31591,4,,
31592,4,,
31593,4,,
31594,4,,
31595,4,,
31596,10,,
31597,10,,
31598,11,,
31599,5,,
316,0,,
31600,13,,
31601,5,,
31602,9,,
31603,9,,
31604,4,,
31605,6,,
31606,6,,
31607,13,,
31608,13,,
31609,6,,
31610,14,,
31611,1,,
31612,3,,
31613,11,,
31614,11,,
31615,1,,
31616,1,,
31617,7,,
31618,0,,
31619,15,,
31620,1,,
31621,1,,
31622,1,,
31623,10,,
31624,1,,
31625,1,,
31626,1,,
31627,6,,
31628,6,,
31629,6,,
31630,8,,
31631,11,,
31632,10,,
31633,5,,
31634,8,,
31635,14,,
31636,8,,
31637,8,,
31638,5,,
31639,14,,
31640,1,,
31641,4,,
31642,8,,
31643,8,,
31644,11,,
31646,10,,
31647,0,,
31648,14,,
31649,6,,
31650,6,,
31651,14,,
31652,13,,
31653,13,,
31654,1,,
31655,14,,
31656,14,,
31657,0,,
31658,0,,
31659,1,,
31660,14,,
31661,6,,
31662,6,,
31663,15,,
31664,15,,
31665,15,,
31666,15,,
31667,3,,
31668,4,,
31669,14,,
31670,3,,
31671,12,,
31672,3,,
31673,14,,
31674,14,,
31675,11,,
31676,3,,
31677,8,,
31678,8,,
31679,6,,
31680,3,,
31681,15,,
31682,15,,
31683,15,,
31684,14,,
31685,14,,
31686,5,,
31687,3,,
31688,3,,
31689,15,,
31690,3,,
31691,3,,
31692,3,,
31693,15,,
31694,15,,
31695,15,,
31696,15,,
31697,15,,
31698,15,,
31699,15,,
31700,15,,
31701,15,,
31702,15,,
31703,2,,
31704,2,,
31705,3,,
31706,8,,
31707,7,,
31708,5,,
31709,10,,
3171,4,,
31710,1,,
31711,12,,
31712,12,,
31713,12,,
31714,12,,
31715,12,,
31716,12,,
31717,12,,
31718,15,,
31719,15,,
3172,4,,
31720,4,,
31721,4,,
31722,1,,
31723,4,,
31724,1,,
31725,5,,
31726,4,,
31727,4,,
31728,15,,
31729,1,,
31730,13,,
31731,15,,
31732,0,,
31733,0,,
31734,5,,
31735,5,,
31736,15,,
31737,4,,
31738,4,,
31739,2,,
31740,1,,
31741,4,,
31742,10,,
31743,10,,
31744,15,,
31745,6,,
31746,10,,
31747,9,,
31748,0,,
31749,0,,
3175,4,,
31750,0,,
31751,13,,
31752,5,,
31754,10,,
31755,6,,
31756,6,,
31757,11,,
31758,11,,
31759,11,,
3176,4,,
31760,11,,
31761,11,,
31762,13,,
31763,13,,
31764,13,,
31765,5,,
31766,5,,
31767,4,,
31768,4,,
31769,4,,
31770,4,,
31771,5,,
31772,5,,
31773,15,,
31774,15,,
31775,0,,
31776,0,,
31777,5,,
31778,0,,
31779,0,,
31780,0,,
31781,0,,
31782,11,,
31783,11,,
31784,10,,
31785,5,,
31786,4,,
31787,15,,15
31788,5,,
31789,13,,
31790,4,,
31791,5,,
31792,8,,
31793,4,,
31794,4,,
31795,8,,
31796,6,,
31797,8,,
31798,0,,
31799,0,,
3180,4,,
31800,4,,
31801,4,,
31802,4,,
31803,5,,
31804,6,,
31805,1,,
31806,10,,
31807,2,,
31808,2,,
31809,14,,
31810,9,,
31811,9,,
31812,4,,
31813,5,,
31814,5,,
31816,5,,
31817,5,,
31818,5,,
31819,9,,
31820,9,,
31821,9,,
31822,4,,
31823,5,,
31824,4,,
31825,10,,
31826,10,,
31827,0,,
31828,4,,
31829,5,,
31830,5,,
31831,4,,
31832,4,,
31833,8,,
31834,0,,
31835,0,,
31836,0,,
31837,6,,
31838,6,,
31839,0,,
31840,15,,
31841,10,,
31842,15,,
31843,5,,
31844,0,,
31845,0,,
31846,11,,
31847,1,,
31848,3,,
31849,12,,
31850,0,,
31851,6,,
31852,0,,
31853,10,,
31854,10,,
31855,10,,
31856,4,,
31857,0,,
31858,0,,
31859,7,,
31860,0,,
31861,4,,
31862,11,,
31863,4,,
31864,4,,
31865,0,,
31866,1,,
31867,2,,
31868,8,,
31869,9,,
31871,0,,
31872,8,,
31873,4,,
31874,4,,
31875,12,,
31876,0,,
31877,15,,
31878,10,,
31879,14,,
31880,9,,
31881,9,,
31882,14,,
31883,4,,
31884,4,,
31885,4,,
31886,9,,
31887,4,,
31888,1,,
31889,11,,
31890,1,,
31891,2,,
31892,4,,
31893,15,,
31894,4,,
31895,13,,
31896,14,,
31897,1,,
31898,5,,
31899,13,,13
31900,14,,
31901,9,,
31902,6,,
31903,6,,
31904,2,,
31905,13,,
31906,13,,
31907,12,,
31908,14,,
31909,11,,
31910,0,,
31911,9,,
31912,11,,
31913,13,,
31914,4,,
31915,11,,
31916,11,,
31917,4,,
31918,11,,
31919,11,,
31920,11,,
31921,9,,
31922,9,,
31923,0,,
31924,0,,
31925,15,,
31926,4,,
31927,4,,
31928,0,,
31930,11,,
31931,0,,
31932,8,,
31933,15,,
31934,8,,
31935,8,,
31936,8,,
31937,11,,
31938,4,,
31939,1,,
31940,0,,
31941,4,,
31942,4,,
31943,4,,
31944,5,,
31945,4,,
31946,4,,
31947,4,,
31948,4,,
31949,4,,
31950,4,,
31951,4,,
31952,15,,
31953,5,,
31954,8,,
31955,9,,
31956,14,,
31957,12,,
31958,12,,
31959,15,,
31960,14,,
31961,13,,
31962,6,,
31963,14,,
31964,4,,
31965,14,,
31966,9,,
31967,9,,
31968,13,,
31969,13,,
31970,13,,
31971,13,,
31972,5,,
31973,10,,
31974,4,,
31975,12,,
31976,9,,
31977,0,,
31978,10,,
31979,11,,
3198,4,,
31980,4,,
31981,6,,
31982,6,,
31983,6,,
31984,6,,
31985,6,,
31986,6,,
31987,6,,
31988,13,,
31989,15,,
31990,13,,
31991,6,,
31992,0,,
31993,13,,
31994,13,,
31995,13,,
31996,13,,
31997,13,,
31998,13,,
31999,13,,
32,5,,
32000,13,,
32001,13,,
32002,6,,
32003,6,,
32004,15,,
32005,4,,
32006,8,,
32007,6,,
32008,6,,
32009,0,,
3201,4,,
32010,0,,
32011,12,,
32012,12,,
32013,6,,
32014,13,,
32015,13,,
32016,13,,
32017,4,,
32018,1,,
32019,4,,
32020,4,,
32021,14,,
32022,8,,
32023,0,,
32024,5,,
32025,10,,
32026,10,,
32027,8,,
32028,15,,
32029,15,,
3203,4,,
32030,15,,
32031,6,,
32032,0,,
32033,13,,
32034,13,,
32035,13,,
32036,10,,
32037,10,,
32038,0,,
32039,0,,
32040,6,,
32041,9,,
32042,9,,
32043,9,,
32044,1,,
32045,13,,
32046,13,,
32047,8,,
32048,0,,
32049,0,,
32050,9,,
32051,1,,
32052,13,,
32053,6,,
32054,6,,
32055,6,,
32056,15,,
32057,15,,
32058,15,,
32059,10,,
32060,13,,
32061,0,,
32062,0,,
32063,0,,
32064,10,,
32065,7,,
32066,10,,
32067,2,,
32068,15,,
32069,15,,
32070,1,,
32071,4,,
32072,14,,
32073,15,,
32074,15,,
32075,0,,
32076,15,,
32077,4,,
32078,4,,
32079,0,,
32080,10,,
32081,5,,
32082,5,,
32083,10,,
32084,1,,
32085,11,,
32086,10,,
32087,5,,
32088,5,,
32089,8,,
32090,8,,
32091,7,,
32092,1,,
32093,8,,
32094,10,,
32095,10,,
32096,10,,
32097,10,,
32098,8,,
32099,8,,
32100,8,,
32101,3,,
32102,10,,
32103,3,,
32104,3,,
32105,3,,
32106,5,,
32107,1,,
32108,8,,
32109,3,,
32110,3,,
32111,11,,
32112,3,,
32113,3,,
32114,3,,
32115,11,,
32116,9,,
32117,1,,
32118,1,,
32119,9,,
3212,4,,
32120,9,,
32121,3,,
32122,3,,
32124,11,,
32125,11,,
32126,2,,
32127,7,,
32128,9,,
32129,0,,
32130,9,,
32131,11,,
32132,4,,
32133,6,,
32134,9,,
32135,9,,
32136,5,,
32137,1,,
32138,9,,
32139,11,,
32141,11,,
32142,0,,
32143,5,,
32144,11,,
32145,11,,
32146,11,,
32147,11,,
32148,1,,
32149,6,,
32150,8,,
32152,10,,
32153,8,,
32154,1,,
32155,1,,
32156,8,,
32157,5,,
32158,10,,
32159,6,,
32160,11,,
32161,6,,
32162,13,,
32163,5,,
32164,14,,
32165,10,,
32166,10,,
32167,15,,
32168,6,,
32169,6,,
32170,15,,
32171,4,,
32172,0,,
32173,0,,
32174,15,,
32175,15,,
32176,15,,
32177,15,,
32178,15,,
32179,15,,
32180,15,,
32181,15,,
32182,15,,
32183,15,,
32184,15,,
32185,15,,
32186,15,,
32187,5,,
32188,5,,
32189,5,,
32190,5,,
32191,5,,
32192,5,,
32193,5,,
32194,14,,
32195,5,,
32196,14,,
32197,6,,
32199,8,,
32200,6,,
32201,13,,
32202,4,,
32203,4,,
32204,12,,
32205,12,,
32206,15,,
32207,15,,
32208,15,,
32209,2,,
32210,2,,
32211,12,,
32212,1,,
32213,7,,
32214,7,,
32215,7,,
32216,7,,
32217,8,,
32218,5,,
32219,5,,
32220,5,,
32221,5,,
32222,5,,
32223,5,,
32224,5,,
32225,4,,
32226,4,,
32227,6,,
32228,5,,
32229,10,,
3223,4,,
32230,10,,
32231,10,,
32232,10,,
32233,10,,
32234,10,,
32235,10,,
32236,5,,
32237,4,,
32238,4,,
32239,4,,
3224,4,,
32240,4,,
32241,10,,
32242,10,,
32243,10,,
32244,6,,
32245,6,,
32246,6,,
32247,10,,
32248,10,,
32249,10,,
3225,4,,
32250,10,,
32251,6,,
32252,6,,
32253,6,,
32255,6,,
32256,5,,
32257,10,,
32258,10,,
32259,12,,
3226,4,,
32260,12,,
32261,10,,
32262,10,,
32263,10,,
32264,10,,
32265,4,,
32266,4,,
32267,4,,
32268,4,,
32269,10,,
32270,10,,
32272,4,,
32273,4,,
32274,4,,
32275,4,,
32276,4,,
32277,4,,
32278,4,,
32279,10,,
32280,4,,
32281,13,,
32282,4,,
32283,13,,
32284,1,,
32285,0,,
32286,1,,
32287,6,,
32288,6,,
32289,9,,
32290,6,,
32291,8,,
32292,8,,
32293,5,,
32294,6,,
32295,4,,
32296,15,,
32297,6,,
32298,14,,
32299,14,,
32300,14,,
32301,15,,
32302,15,,
32303,15,,
32304,5,,
32305,5,,
32306,15,,
32307,15,,
32308,15,,
32309,6,,
32310,15,,
32311,8,,
32312,8,,
32313,5,,
32314,7,,
32316,5,,
32317,15,,
32318,15,,
32319,6,,
32320,14,,
32321,13,,
32322,8,,
32323,4,,
32324,13,,
32325,13,,
32326,13,,
32327,0,,
32328,14,,
32329,15,,
32330,5,,
32331,6,,
32332,9,,
32333,4,,
32334,15,,
32335,8,,
32336,8,,
32337,8,,
32338,7,,
32339,8,,
32341,8,,
32342,8,,
32343,8,,
32344,8,,
32345,8,,
32346,8,,
32347,8,,
32348,8,,
32349,8,,
32350,5,,
32351,8,,
32352,8,,
32353,8,,
32354,8,,
32355,8,,
32356,5,,
32357,5,,
32358,5,,
32359,5,,
32360,5,,
32361,5,,
32362,8,,
32363,8,,
32364,8,,
32365,8,,
32366,8,,
32367,8,,
32368,8,,
32369,8,,
3237,4,,
32370,8,,
32371,8,,
32372,8,,
32373,8,,
32374,8,,
32375,8,,
32376,15,,
32377,15,,
32379,8,,
32380,8,,
32381,12,,
32382,4,,
32384,6,,
32385,5,,
32386,5,,
32387,8,,
32388,8,,
32389,8,,
32390,8,,
32391,15,,
32392,5,,
32393,0,,
32394,14,,
32395,1,,
32396,1,,
32397,1,,
32398,4,,
32399,4,,
32400,4,,
32401,8,,
32402,8,,
32403,8,,
32404,15,,
32405,1,,
32406,1,,
32407,8,,
32408,8,,
32409,8,,
32410,5,,
32411,14,,
32412,14,,
32413,14,,
32414,8,,
32415,8,,
32416,8,,
32417,14,,
32418,15,,
32419,15,,
32420,15,,
32421,15,,
32422,14,,
32423,8,,
32424,13,,
32425,13,,
32426,13,,
32427,13,,
32428,13,,
32429,5,,
3243,4,,
32430,0,,
32431,0,,
32432,15,,
32434,13,,
32435,10,,
32436,5,,
32437,9,,
32438,4,,
32439,4,,
32440,4,,
32441,4,,
32443,1,,
32444,1,,
32445,6,,
32447,2,,
32448,4,,
32449,10,,
32450,10,,
32451,10,,
32452,13,,
32454,13,,
32455,13,,
32456,13,,
32457,13,,
32458,13,,
32459,13,,
32460,13,,
32461,8,,
32462,8,,
32463,7,,
32464,7,,
32465,14,,
32466,8,,
32467,8,,
32468,8,,
32469,8,,
32470,11,,
32471,11,,
32472,11,,
32473,11,,
32474,11,,
32475,1,,
32476,5,,
32477,5,,
32478,14,,
32479,3,,
32480,7,,
32481,14,,
32482,2,,
32483,8,,
32484,14,,
32485,14,,
32486,14,,
32487,1,,
32488,5,,
32489,8,,
3249,4,,
32490,14,,
32491,14,,
32492,4,,
32493,4,,
32494,8,,
32495,7,,
32496,0,,
32497,0,,
32498,0,,
32499,15,,
3250,4,,
32500,4,,
32501,4,,
32503,4,,
32504,4,,
32505,4,,
32506,4,,
32507,2,,
32508,4,,
32510,11,,
32511,1,,
32512,10,,
32513,4,,
32515,14,,
32516,14,,
32517,14,,
32518,4,,
32519,4,,
32520,4,,
32521,1,,
32522,9,,
32523,9,,
32524,9,,
32525,9,,
32526,6,,
32527,0,,
32528,6,,
32529,5,,
32530,8,,
32531,0,,
32532,0,,
32533,2,,
32534,2,,
32535,2,,
32536,4,,
32537,2,,
32538,8,,
32539,8,,
32540,4,,
32541,9,,
32542,15,,
32543,15,,
32544,7,,
32545,5,,
32546,5,,
32547,5,,
32548,7,,
32549,15,,
32550,3,,
32551,5,,
32552,11,,
32553,11,,
32554,15,,
32555,3,,
32556,3,,
32557,11,,
32558,11,,
32559,11,,
32560,5,,
32561,5,,
32562,2,,
32563,4,,
32564,14,,
32565,14,,
32566,8,,
32567,14,,
32568,14,,
32569,14,,
32570,14,,
32571,14,,
32572,14,,
32573,6,,
32574,14,,
32575,14,,
32576,14,,
32577,2,,
32578,9,,
32579,15,,
32580,4,,
32581,14,,
32582,14,,
32583,15,,
32584,15,,
32585,15,,
32586,15,,
32587,4,,
32588,7,,
32589,8,,
3259,4,,
32591,12,,
32592,5,,
32593,15,,
32594,11,,
32595,8,,
32596,8,,
32597,8,,
32598,0,,
32599,0,,
32600,0,,
32601,0,,
32602,15,,
32603,4,,
32604,6,,
32605,4,,
32606,6,,
32607,8,,
32608,3,,
3261,9,,
32610,3,,
32611,11,,
32612,10,,
32613,11,,
32614,11,,
32615,3,,
32616,0,,
32617,4,,
32618,4,,
32619,0,,0
32620,0,,
32621,10,,
32622,14,,
32623,0,,
32624,0,,
32625,7,,
32626,13,,
32627,6,,
32628,7,,
32629,10,,
3263,9,,
32630,14,,
32631,12,,
32632,1,,
32633,1,,
32634,13,,
32635,5,,
32636,4,,
32637,4,,
32638,8,,
32639,0,,
3264,9,,
32640,13,,
32641,13,,
32642,13,,
32643,13,,
32644,13,,
32645,13,,
32646,0,,
32647,13,,
32648,13,,
32649,0,,
3265,9,,
32650,5,,
32652,13,,
32653,13,,
32654,13,,
32655,0,,
32656,1,,
32657,0,,
32658,11,,
32659,14,,
32660,9,,
32661,9,,
32662,9,,
32663,9,,
32664,6,,
32665,6,,
32666,4,,
32667,10,,
32668,10,,
32669,10,,
32670,0,,
32671,5,,
32672,14,,
32673,8,,
32674,1,,
32675,8,,
32676,13,,
32677,8,,
32678,4,,
32679,13,,
32680,4,,
32681,4,,
32682,4,,
32683,4,,
32684,14,,
32685,9,,
32686,9,,
32687,9,,
32688,9,,
32689,0,,
3269,4,,
32690,7,,
32691,11,,
32692,12,,
32693,0,,
32694,0,,
32695,13,,
32696,0,,
32697,0,,
32698,5,,
32700,13,,
32701,1,,
32702,9,,
32703,4,,
32704,4,,
32705,4,,
32706,5,,
32707,2,,
32708,2,,
32709,4,,
32710,10,,
32711,1,,
32712,11,,
32713,0,,
32714,4,,
32716,6,,
32717,6,,
32719,4,,
32720,4,,
32721,4,,
32722,0,,
32723,0,,
32724,2,,
32725,5,,
32726,0,,
32727,1,,
32728,6,,
32729,9,,
32730,11,,
32731,8,,
32732,0,,
32733,10,,
32734,4,,
32735,4,,
32736,4,,
32737,4,,
32738,12,,
32739,5,,
32740,11,,
32741,13,,
32742,0,,
32743,4,,
32744,10,,
32745,10,,
32746,3,,
32747,4,,
32748,4,,
32749,14,,
32750,5,,
32751,15,,
32752,14,,
32753,4,,
32754,4,,
32755,8,,
32756,3,,
32757,0,,
32758,0,,
32760,0,,
32761,0,,
32762,8,,
32763,14,,
32764,9,,
32765,14,,
32766,14,,
32767,4,,
32768,14,,
32769,14,,
3277,4,,
32770,4,,
32771,5,,
32772,14,,
32773,14,,
32774,4,,
32775,5,,
32776,4,,
32777,7,,
32778,7,,
32779,7,,
32781,7,,
32783,8,,
32784,4,,
32785,8,,
32786,14,,
32787,7,,
32788,7,,
32789,7,,
3279,4,,
32790,7,,
32791,7,,
32792,3,,
32793,3,,
32794,3,,
32795,3,,
32796,0,,
32797,13,,
32798,11,,
32799,11,,
32800,3,,
32801,3,,
32802,8,,
32803,4,,
32804,4,,
32805,2,,
32806,14,,
32807,0,,
32808,4,,
32809,4,,
32810,4,,
32811,2,,
32812,4,,
32813,2,,
32814,2,,
32815,2,,
32816,4,,
32817,14,,
32818,0,,
32819,4,,
32820,4,,
32821,10,,
32822,5,,
32823,4,,
32824,10,,
32825,4,,
32826,0,,
32827,4,,
32828,5,,
32829,0,,
32830,8,,
32831,14,,
32832,5,,
32834,15,,
32835,3,,
32836,8,,
32837,4,,
32839,4,,
32840,4,,
32841,4,,
32842,4,,
32843,4,,
32844,9,,
32845,15,,
32846,12,,12
32847,4,,
32848,13,,
32849,14,,
32850,12,,
32851,4,,
32852,14,,
32853,14,,
32854,14,,
32855,14,,
32856,14,,
32857,15,,
32858,4,,
32859,0,,
32861,4,,
32862,4,,
32863,4,,
32864,4,,
32865,4,,
32866,4,,
32867,4,,
32868,4,,
32869,3,,
32870,12,,
32871,4,,
32872,0,,
32873,0,,
32874,0,,
32875,0,,
32876,0,,
32877,0,,
32878,12,,
32879,12,,
32880,9,,
32881,9,,
32882,0,,
32883,0,,
32884,12,,
32885,4,,
32886,4,,
32887,4,,
32888,12,,
32889,15,,
32890,0,,
32892,2,,
32893,11,,
32894,0,,
32895,0,,
32896,0,,
32897,0,,
32898,0,,
32899,0,,
329,13,,
32900,0,,
32901,0,,
32902,0,,
32903,5,,
32904,4,,
32905,4,,
32906,4,,
32907,2,,
32908,2,,
32909,2,,
32910,4,,
32911,4,,
32912,9,,
32913,4,,
32914,12,,
32916,3,,
32917,3,,
32918,6,,
32919,3,,
32920,11,,
32921,3,,
32922,3,,
32923,3,,
32924,3,,
32925,4,,
32926,2,,
32927,2,,
32928,14,,
32929,8,,
32930,13,,
32931,12,,
32932,7,,
32933,0,,
32934,5,,
32935,4,,
32936,7,,
32937,10,,
32938,0,,
32939,12,,
32940,15,,
32941,4,,
32942,4,,
32943,4,,
32944,4,,
32945,4,,
32946,4,,
32947,4,,
32948,4,,
32949,4,,
32950,5,,
32951,4,,
32952,11,,
32953,11,,
32954,11,,
32955,0,,
32956,0,,
32957,0,,
32959,12,,
32960,12,,
32961,12,,
32962,14,,
32963,14,,
32964,14,,
32965,5,,
32966,5,,
32967,5,,
32968,5,,
32969,5,,
3297,4,,
32970,5,,
32971,0,,
32972,0,,
32973,0,,
32974,2,,
32975,5,,
32976,5,,
32977,14,,
32978,1,,
32979,14,,
32980,5,,
32981,5,,
32982,14,,
32983,0,,
32984,0,,
32985,11,,
32986,12,,
32987,4,,
32988,2,,
32989,2,,
32990,5,,
32991,2,,
32992,2,,
32993,5,,
32994,2,,
32995,2,,
32996,15,,
32997,15,,
32998,15,,
32999,0,,
33,5,,
330,0,,
33000,2,,
33001,0,,
33002,2,,
33003,2,,
33004,2,,
33005,4,,
33006,4,,
33007,6,,
33008,4,,
33009,14,,
33010,14,,
33011,4,,
33012,2,,
33013,5,,
33014,5,,
33015,14,,
33016,5,,
33017,5,,
33018,5,,
33019,4,,
33020,0,,
33021,0,,
33022,2,,
33023,4,,
33024,4,,
33025,14,,
33026,14,,
33027,14,,
33028,14,,
33029,14,,
33030,14,,
33031,14,,
33032,2,,
33033,2,,
33034,4,,
33035,14,,
33036,15,,
33037,4,,
33038,4,,
33039,4,,
33040,11,,
33041,11,,
33043,2,,
33044,4,,
33045,11,,
33046,11,,
33047,5,,
33048,5,,
33049,14,,
33050,4,,
33051,12,,
33052,15,,
33053,11,,
33054,2,,
33055,15,,
33056,15,,
33057,15,,
33058,4,,
33059,4,,
33060,7,,
33061,7,,
33062,7,,
33063,7,,
33064,4,,
33065,14,,
33066,4,,
33067,4,,
33068,7,,
33069,7,,
33070,4,,
33071,4,,
33072,0,,
33073,2,,
33074,2,,
33075,2,,
33076,11,,
33077,2,,
33078,2,,
33079,2,,
33080,2,,
33081,2,,
33082,2,,
33083,4,,
33084,4,,
33085,4,,
33086,10,,
33087,4,,
33088,4,,
33089,1,,
33090,2,,
33091,2,,
33092,2,,
33093,4,,
33094,4,,
33095,4,,
33096,4,,
33097,4,,
33098,4,,
33099,5,,
33100,4,,
33101,4,,
33102,0,,
33103,14,,
33104,14,,
33105,14,,
33106,7,,
33107,7,,
33108,4,,
33109,4,,
33110,4,,
33111,4,,
33112,4,,
33113,7,,
33114,0,,
33115,7,,
33116,7,,
33117,4,,
33118,4,,
33119,4,,
33120,4,,
33121,4,,
33122,5,,
33123,1,,
33124,1,,
33125,7,,
33126,8,,
33127,7,,
33128,5,,
33129,14,,
33130,14,,
33131,14,,
33132,14,,
33133,7,,
33134,14,,
33135,7,,
33136,14,,
33137,14,,
33138,7,,
33139,14,,
33140,14,,
33141,14,,
33142,14,,
33143,7,,
33144,7,,
33146,4,,
33147,14,,
33148,14,,
33149,10,,
33150,14,,
33151,14,,
33152,14,,
33153,14,,
33154,14,,
33155,2,,
33156,2,,
33157,4,,
33158,13,,
33159,0,,
33160,4,,
33162,4,,
33163,7,,
33164,7,,
33165,5,,
33166,5,,
33167,1,,
33168,4,,
33169,4,,
33170,4,,
33171,1,,
33172,1,,
33173,1,,
33174,1,,
33175,1,,
33176,1,,
33177,1,,
33178,1,,
33179,1,,
33180,1,,
33181,1,,
33182,2,,
33183,1,,
33184,1,,
33185,1,,
33186,1,,
33187,1,,
33188,12,,
33189,4,,
33190,3,,
33191,3,,
33192,12,,
33193,7,,
33194,12,,
33195,4,,
33196,3,,
33197,1,,
33198,4,,
33199,4,,
33200,4,,
33201,2,,
33202,14,,
33203,0,,
33204,3,,
33205,1,,
33206,1,,
33207,0,,
33208,15,,
33209,4,,
33210,4,,
33211,4,,
33213,4,,
33214,11,,
33215,4,,
33216,4,,
33217,4,,
33218,10,,
33219,15,,
33220,14,,
33221,15,,
33222,15,,
33223,15,,
33224,15,,
33225,15,,
33226,15,,
33227,15,,
33228,15,,
33229,15,,
33230,7,,
33231,7,,
33232,5,,
33233,5,,
33234,5,,
33235,14,,
33236,14,,
33237,14,,
33238,0,,
33239,15,,
33240,15,,
33241,14,,
33242,7,,
33243,7,,
33244,5,,
33245,7,,
33246,7,,
33248,1,,
33249,0,,
33250,9,,
33251,6,,
33252,6,,
33253,6,,
33254,0,,
33255,0,,
33256,14,,
33257,0,,
33258,15,,
33259,14,,
33260,7,,
33261,5,,
33262,4,,
33263,5,,
33264,6,,
33265,0,,
33266,0,,
33267,4,,
33268,4,,
33269,15,,
33270,9,,
33271,10,,
33272,6,,
33273,6,,
33274,6,,
33275,6,,
33276,6,,
33277,4,,
33278,4,,
33279,8,,
33280,0,,
33281,4,,
33282,9,,
33283,2,,
33284,8,,
33285,14,,
33286,8,,
33287,0,,
33288,14,,
33289,1,,
33290,10,,
33291,10,,
33292,14,,
33293,4,,
33294,4,,
33295,14,,
33296,8,,
33297,7,,
33298,4,,
33299,4,,
33300,11,,
33301,11,,
33302,14,,
33303,1,,
33304,15,,
33305,11,,
33306,1,,
33307,11,,
33308,8,,
33309,9,,
33310,14,,
33311,13,,
33312,2,,
33313,14,,
33314,5,,
33315,2,,
33316,2,,
33317,14,,
33318,4,,
33319,1,,
33320,3,,
33321,4,,
33322,1,,
33323,12,,
33324,15,,
33325,15,,
33326,15,,
33327,12,,
33328,12,,
33329,12,,
33330,15,,
33331,2,,
33332,12,,
33333,12,,
33334,12,,
33335,2,,
33336,1,,1
33337,12,,
33338,12,,
33339,12,,
33340,12,,
33341,12,,
33342,9,,
33343,5,,
33344,15,,
33345,5,,
33346,12,,
33347,15,,
33348,2,,
33349,15,,
3335,4,,
33351,2,,
33352,4,,
33353,4,,
33354,4,,
33355,1,,
33356,1,,
33357,1,,
33358,14,,
33359,4,,
33360,4,,
33361,5,,
33364,13,,
33365,13,,
33366,2,,
33367,13,,
33368,12,,
33369,6,,
33370,5,,
33371,6,,
33372,6,,
33373,4,,
33374,4,,
33375,2,,
33376,2,,
33377,2,,
33378,6,,
33379,6,,
33380,5,,
33381,5,,
33382,4,,
33383,5,,
33384,2,,
33385,2,,
33386,2,,
33388,4,,
33389,2,,
33390,2,,
33391,11,,
33392,4,,
33393,0,,
33394,11,,
33395,11,,
33396,11,,
33397,15,,
33398,11,,
334,13,,
33400,11,,
33401,11,,
33402,11,,
33403,11,,
33404,2,,
33405,2,,
33407,2,,
33408,2,,
33409,1,,
33410,5,,
33411,4,,
33412,12,,
33413,12,,
33415,4,,
33416,4,,
33417,4,,
33418,15,,
33419,9,,
33420,7,,7
33421,13,,
33422,13,,
33423,13,,
33424,13,,
33425,13,,
33426,13,,
33427,13,,
33428,13,,
33429,10,,
33430,2,,
33431,13,,
33432,13,,
33433,13,,
33434,5,,
33435,4,,
33436,4,,
33437,11,,
33438,1,,
33439,1,,
33440,1,,
33441,12,,
33443,5,,
33444,0,,
33445,1,,
33446,13,,
33447,5,,
33448,5,,
3345,4,,
33450,8,,
33451,11,,
33452,8,,
33453,9,,
33454,9,,
33455,0,,
33456,11,,
33457,9,,
33458,8,,
33459,8,,
33460,15,,
33461,5,,
33462,14,,
33463,5,,
33464,5,,
33465,5,,
33466,13,,
33467,0,,
33468,4,,
33469,9,,
33470,15,,
33471,15,,
33472,8,,
33473,2,,
33474,4,,
33475,4,,
33476,4,,
33477,10,,
33478,10,,
33479,0,,
33480,0,,
33481,13,,
33482,14,,
33483,4,,
33484,7,,
33485,7,,
33486,7,,
33487,7,,
33488,7,,
33489,9,,
3349,4,,
33490,0,,
33491,10,,
33492,0,,
33493,0,,
33494,0,,
33495,0,,
33496,8,,
33497,15,,
33498,4,,
33499,4,,
335,13,,
33500,4,,
33501,14,,
33502,10,,
33503,14,,
33504,14,,
33505,10,,
33506,10,,
33507,10,,
33508,7,,
33509,7,,
33510,4,,
33511,10,,
33512,10,,
33513,10,,
33514,10,,
33515,5,,
33516,1,,
33517,7,,
33518,4,,
33519,4,,
33520,8,,
33521,13,,
33522,10,,
33523,4,,
33524,14,,
33525,10,,
33526,5,,
33527,4,,
33528,4,,
33529,8,,
33530,8,,
33531,15,,
33532,15,,
33533,10,,
33534,15,,
33535,4,,
33536,14,,
33537,14,,
33538,14,,
33539,8,,
33540,0,,
33541,12,,
33542,4,,
33543,14,,
33544,9,,
33545,8,,
33546,13,,
33547,4,,
33548,6,,
33549,14,,
33550,10,,
33551,4,,
33552,4,,
33554,10,,
33555,8,,
33556,5,,
33557,5,,
33558,5,,
33559,4,,
33560,15,,
33561,5,,
33562,5,,
33563,4,,
33564,9,,
33565,15,,
33566,15,,
33567,5,,
33568,8,,
33569,11,,
33570,15,,
33571,4,,
33572,4,,
33573,4,,
33574,8,,
33575,0,,
33576,2,,
33578,12,,
33579,4,,
33580,6,,
33581,3,,
33583,12,,
33584,12,,
33585,5,,
33587,0,,
33588,10,,
33589,7,,
33590,7,,
33591,14,,
33592,14,,
33593,14,,
33594,12,,
33595,6,,
33596,6,,
33597,4,,
33598,4,,
33599,12,,
33600,9,,
33601,12,,
33602,4,,
33603,12,,
33604,12,,
33605,10,,
33606,1,,
33607,1,,
33608,1,,
33609,2,,
33610,8,,
33611,1,,
33612,5,,
33613,5,,
33614,6,,
33615,4,,
33616,9,,
33617,0,,
33618,0,,
33619,2,,
33620,15,,
33621,11,,
33623,6,,
33624,11,,
33625,4,,
33626,4,,
33627,2,,
33628,4,,
33629,1,,
33630,1,,
33631,1,,
33632,1,,
33633,7,,
33634,1,,
33635,1,,
33636,14,,
33637,5,,
33638,5,,
33639,5,,
33640,14,,
33641,14,,
33642,7,,
33643,1,,
33644,1,,
33645,1,,
33646,7,,
33647,2,,
33648,0,,
33649,1,,
33650,1,,
33651,14,,
33652,15,,
33653,14,,
33654,15,,
33655,15,,
33656,14,,
33657,15,,
33658,15,,
33659,14,,
33660,14,,
33661,14,,
33662,14,,
33663,14,,
33664,11,,
33665,3,,
33666,4,,
33667,9,,
33668,0,,
33669,4,,
33670,4,,
33671,9,,
33672,15,,
33673,15,,
33674,4,,
33675,9,,
33676,0,,
33677,8,,
33678,8,,
33679,8,,
33680,1,,
33681,1,,
33682,9,,
33683,1,,
33684,1,,
33685,9,,
33686,1,,
33688,1,,
33689,14,,
33690,14,,
33691,14,,
33692,8,,
33693,9,,
33695,4,,
33696,11,,
33697,1,,
33698,15,,
33699,4,,
33700,15,,
33701,12,,
33702,15,,
33703,15,,
33704,12,,
33705,9,,
33706,7,,
33707,7,,
33708,7,,
33709,5,,
33710,12,,
33711,8,,
33713,5,,
33714,15,,
33715,1,,
33716,1,,
33717,10,,
33718,5,,
33719,4,,
33720,1,,
33721,15,,
33722,15,,
33723,15,,
33724,5,,
33725,7,,
33726,15,,
33727,4,,
33728,8,,
33729,14,,
3373,4,,
33730,15,,
33731,8,,
33732,8,,
33733,12,,
33734,2,,
33735,9,,
33736,11,,
33737,11,,
33738,2,,
33739,13,,
3374,4,,
33741,14,,
33742,8,,
33743,5,,
33744,15,,
33745,15,,
33746,14,,
33747,1,,
33748,5,,
33749,15,,
33750,15,,
33751,15,,
33752,15,,
33753,9,,
33754,9,,
33755,9,,
33756,5,,
33757,5,,
33758,5,,
33759,1,,
33760,5,,
33761,6,,
33762,8,,
33763,15,,
33764,15,,
33765,15,,
33766,15,,
33767,4,,
33768,5,,
33769,8,,
3377,4,,
33770,5,,
33771,5,,
33772,12,,
33773,5,,
33774,9,,
33775,9,,
33776,5,,
33777,5,,
33778,8,,
33779,5,,
33780,2,,
33781,2,,
33782,4,,
33784,4,,
33785,0,,
33786,4,,
33787,9,,
33789,0,,
3379,4,,
33790,5,,
33791,5,,
33792,5,,
33793,5,,
33794,5,,
33795,5,,
33796,9,,
33797,2,,
33798,5,,
33799,9,,
338,1,,
33800,4,,
33801,5,,
33802,5,,
33803,5,,
33804,5,,
33805,5,,
33806,5,,
33807,5,,
33808,5,,
33809,5,,
33810,5,,
33811,5,,
33813,5,,
33814,5,,
33815,4,,
33816,4,,
33817,8,,
33818,5,,
33819,5,,
33820,6,,
33821,9,,
33822,9,,
33823,15,,
33824,15,,
33825,2,,
33826,2,,
33827,5,,
33828,5,,
33829,5,,
33830,5,,
33831,5,,
33832,5,,
33833,5,,
33834,9,,
33835,5,,
33836,8,,
33837,4,,
33838,4,,
33839,1,,
33840,5,,
33841,5,,
33842,5,,
33843,12,,
33844,1,,
33845,1,,
33846,8,,
33848,9,,
33849,15,,
33850,15,,
33851,9,,
33852,9,,
33853,9,,
33854,9,,
33855,9,,
33856,11,,
33857,6,,
33858,6,,
33859,9,,
33860,1,,
33861,4,,
33862,9,,
33863,9,,
33864,1,,
33866,9,,
33867,9,,
33868,9,,
33869,9,,
3387,8,,
33870,9,,
33871,9,,
33872,9,,
33873,9,,
33874,8,,
33875,9,,
33876,11,,
33877,11,,
33878,9,,
33879,8,,
33881,8,,
33882,8,,
33883,8,,
33884,8,,
33885,3,,
33886,11,,
33887,11,,
33888,11,,
33889,11,,
3389,8,,
33890,6,,
33891,0,,
33892,3,,
33894,2,,
33895,2,,
33896,10,,
33897,10,,
33898,1,,
33899,2,,
33900,5,,
33901,5,,
33902,5,,
33903,5,,
33904,5,,
33905,5,,
33906,5,,
33907,5,,
33908,5,,
33909,10,,
3391,4,,
33910,10,,
33911,10,,
33912,10,,
33913,10,,
33914,10,,
33915,10,,10
33916,10,,
33917,10,,
33919,10,,
3392,4,,
33920,4,,
33921,4,,
33922,4,,
33923,4,,
33924,4,,
33925,4,,
33926,9,,
33927,15,,
33928,9,,
33929,9,,
33930,9,,
33931,0,,
33932,0,,
33933,9,,
33934,8,,
33935,10,,
33936,5,,
33937,5,,
33938,6,,
33939,15,,
33940,5,,
33941,4,,
33942,0,,
33943,10,,
33944,9,,
33945,14,,
33946,5,,
33947,6,,
33948,6,,
33949,6,,
33951,4,,
33952,10,,
33953,0,,
33954,3,,
33955,3,,
33956,2,,
33957,2,,
33958,2,,
33959,2,,
33960,2,,
33961,2,,
33962,5,,
33963,2,,
33964,2,,
33965,5,,
33966,5,,
33967,5,,
33968,5,,
33969,5,,
33970,5,,
33971,4,,
33972,5,,
33973,5,,
33974,4,,
33975,1,,
33976,5,,
33977,5,,
33978,5,,
33979,5,,
33980,5,,
33981,9,,
33982,5,,
33983,5,,
33984,5,,
33985,5,,
33986,5,,
33987,5,,
33988,5,,
33989,5,,
33990,5,,
33991,5,,
33992,5,,
33993,5,,
33994,5,,
33995,4,,
33996,5,,
33997,5,,
33998,5,,
33999,5,,
340,1,,
34000,5,,
34001,5,,
34002,5,,
34003,5,,
34004,1,,
34005,5,,
34006,5,,
34007,5,,
34008,5,,
34009,5,,
34010,9,,
34012,1,,
34013,4,,
34014,5,,
34016,5,,
34018,5,,
34019,5,,
34020,5,,
34021,9,,
34022,1,,
34023,5,,
34024,5,,
34025,15,,
34026,11,,
34027,11,,
34028,5,,
34029,5,,
34030,5,,
34031,5,,
34032,5,,
34033,5,,
34034,5,,
34035,2,,
34036,2,,
34037,2,,
34038,5,,
34039,12,,
34040,15,,
34041,15,,
34042,15,,
34044,10,,
34045,10,,
34046,4,,
34047,6,,
34049,9,,
34050,10,,
34051,0,,
34052,0,,
34054,0,,
34055,8,,
34056,8,,
34057,11,,
34058,9,,
34059,1,,
34060,5,,
34062,4,,
34063,6,,
34064,8,,
34065,8,,
34066,8,,
34067,4,,
34068,4,,
34069,4,,
34070,4,,
34071,4,,
34072,2,,
34073,5,,
34074,5,,
34075,5,,
34076,9,,
34077,6,,
34078,5,,
34079,5,,
34080,5,,
34081,6,,
34082,6,,
34083,9,,
34084,9,,
34085,5,,
34086,5,,
34087,8,,
34088,9,,
34089,15,,
34090,4,,
34091,4,,
34092,0,,
34093,0,,
34094,3,,
34095,3,,
34096,6,,
34097,6,,
34099,9,,
34100,9,,
34101,9,,
34102,9,,
34103,9,,
34104,9,,
34105,9,,
34106,9,,
34107,9,,
34108,9,,
34109,9,,
34110,9,,
34111,9,,
34112,9,,
34113,9,,
34114,9,,
34115,9,,
34116,9,,
34117,8,,
34118,4,,
34119,1,,
34120,1,,
34121,0,,
34123,13,,
34124,13,,
34125,13,,
34126,11,,
34127,13,,
34128,10,,
34131,10,,
34132,10,,
34133,10,,
34134,10,,
34135,10,,
34136,10,,
34137,10,,
34138,10,,
34139,4,,
34140,4,,
34141,4,,
34142,4,,
34143,6,,
34144,10,,
34145,4,,
34146,4,,
34147,4,,
34150,4,,
34151,0,,
34152,0,,
34153,0,,
34154,8,,
34155,8,,
34156,8,,
34157,9,,
34158,5,,
34159,4,,
34160,4,,
34161,4,,
34162,4,,
34163,9,,
34164,8,,
34165,8,,
34166,9,,
34167,5,,
34168,9,,
34169,10,,
34170,10,,
34171,13,,
34172,8,,
34173,5,,
34174,4,,
34175,5,,
34176,5,,
34177,5,,
34178,8,,
34179,5,,
34180,4,,
34181,4,,
34182,13,,
34183,13,,
34184,13,,
34186,13,,
34187,9,,
34188,0,,
34189,5,,
34190,5,,
34191,5,,
34192,5,,
34193,5,,
34194,5,,
34195,5,,
34196,6,,
34197,1,,
34198,1,,
34199,9,,
3420,4,,
34200,5,,
34201,5,,
34202,0,,
34203,11,,
34204,11,,
34205,5,,
34206,1,,
34207,1,,
34208,1,,
34209,5,,
34210,5,,
34211,5,,
34212,13,,
34214,9,,
34215,8,,
34216,8,,
34217,5,,
34218,14,,
34219,4,,
34221,12,,
34222,8,,
34223,9,,
34224,6,,
34225,11,,
34226,5,,
34227,9,,
34228,9,,
34229,9,,
34230,9,,
34231,9,,
34234,11,,
34235,2,,
34236,11,,
34237,11,,
34239,9,,
34240,9,,
34241,9,,
34242,3,,
34243,3,,
34244,3,,
34245,11,,
34246,6,,
34247,0,,
34248,3,,
34249,7,,
34250,8,,
34251,11,,
34252,6,,
34253,10,,
34254,9,,
34255,9,,
34256,9,,
34257,6,,
34258,6,,
34259,5,,
34260,5,,
34261,15,,
34262,15,,
34263,9,,
34264,10,,
34265,3,,
34266,3,,
34267,3,,
34268,3,,
34269,3,,
3427,4,,
34270,8,,
34271,14,,
34272,1,,
34273,14,,
34275,9,,
34276,9,,
34277,6,,
34278,9,,
34279,9,,
34280,9,,
34281,6,,
34282,6,,
34283,9,,
34284,13,,
34285,6,,
34286,6,,
34287,6,,
34288,6,,
34289,5,,
34290,6,,
34291,9,,
34292,9,,
34293,9,,
34294,9,,
34295,9,,
34296,9,,
34297,13,,
34298,9,,
34299,13,,
34300,13,,
34301,9,,
34302,9,,
34303,5,,
34304,9,,
34305,9,,
34306,8,,
34307,9,,
34308,9,,
34309,9,,
34310,9,,
34311,9,,
34312,9,,
34313,6,,
34314,9,,
34315,9,,
34316,9,,
34317,6,,
34318,9,,
34319,9,,
34320,9,,
34321,9,,
34322,9,,
34323,9,,
34324,9,,
34325,9,,
34326,8,,
34327,9,,
34328,9,,
34329,9,,
34330,9,,
34331,9,,
34333,9,,
34334,9,,
34335,9,,
34336,1,,
34337,4,,
34338,8,,
34339,8,,
34340,8,,
34341,8,,
34342,9,,
34343,6,,
34344,8,,
34345,8,,
34346,3,,
34347,3,,
34348,8,,
34349,8,,
34350,9,,
34351,8,,
34352,8,,
34353,9,,
34354,9,,
34355,9,,
34356,9,,
34357,9,,
34358,9,,
34359,9,,
34360,9,,
34361,8,,
34362,9,,
34363,9,,
34364,9,,
34365,9,,
34366,4,,
34367,9,,
34368,9,,
34369,9,,
34370,9,,
34371,9,,
34372,9,,
34373,9,,
34374,9,,
34375,9,,
34376,9,,
34377,9,,
34378,9,,
34379,9,,
34380,9,,
34381,9,,
34382,9,,
34383,9,,
34384,9,,
34385,5,,
34386,8,,
34387,8,,
34388,9,,
34389,9,,
34390,10,,
34391,8,,
34392,8,,
34393,4,,
34394,8,,
34395,5,,
34396,2,,
34397,9,,
34398,9,,
34399,9,,
3440,4,,
34400,8,,
34401,9,,
34402,13,,
34403,2,,
34404,2,,
34405,9,,
34406,6,,
34407,4,,
34408,4,,
34409,3,,
3441,4,,
34410,13,,
34411,13,,
34412,13,,
34413,13,,
34415,3,,
34416,3,,
34417,8,,
34418,4,,
34419,13,,
34420,0,,
34421,8,,
34422,10,,
34423,5,,
34424,4,,
34425,0,,
34426,0,,
34427,15,,
34428,4,,
34429,4,,
34430,10,,
34431,6,,
34433,9,,
34434,8,,
34435,4,,
34436,11,,
34438,5,,
34439,9,,
34441,4,,
34442,5,,
34443,8,,
34444,8,,
34445,0,,
34446,8,,
34447,4,,
34448,5,,
34449,14,,
34451,10,,
34452,10,,
34453,4,,
34454,9,,
34455,0,,
34456,0,,
34457,10,,
34458,13,,
3446,4,,
34460,9,,
34461,9,,
34462,1,,
34463,5,,
34464,11,,
34465,1,,
34466,14,,
34467,13,,
34468,14,,
3447,4,,
34470,12,,
34471,5,,
34472,5,,
34475,6,,
34476,8,,
34477,8,,
34479,8,,
34480,9,,
34481,14,,
34482,6,,
34483,5,,
34484,5,,
34486,6,,
34487,3,,
34488,8,,
34489,8,,
34490,5,,
34491,10,,
34492,2,,
34493,15,,
34494,5,,
34495,6,,
34496,6,,
34497,6,,
34498,6,,
34499,0,,
34500,12,,
34501,5,,
34502,9,,
34503,11,,
34504,4,,
34505,4,,
34506,4,,
34507,4,,
34508,4,,
34509,5,,
34510,2,,
34511,2,,
34513,2,,
34515,9,,
34516,8,,
34517,5,,
34518,5,,
34519,5,,
34520,5,,
34521,8,,
34522,0,,
34523,6,,
34524,6,,
34527,2,,
34528,3,,
34529,14,,
34530,14,,
34531,8,,
34533,8,,
34534,8,,
34535,8,,
34536,12,,
34537,1,,
34538,1,,
34539,4,,
34540,4,,
34541,8,,
34542,8,,
34543,12,,
34544,12,,
34545,4,,
34546,4,,
34547,4,,
34548,10,,
34550,10,,
34551,10,,
34552,10,,
34553,10,,
34554,10,,
34555,10,,
34556,8,,
34557,8,,
34558,3,,
34559,14,,
34561,2,,
34562,8,,
34563,8,,
34564,8,,
34565,8,,
34566,8,,
34567,8,,
34568,3,,
34569,3,,
3457,4,,
34570,3,,
34571,3,,
34574,10,,
34575,10,,
34576,11,,
34577,10,,
34578,11,,
34579,11,,
3458,4,,
34580,11,,
34584,5,,
34585,5,,
34586,8,,
34587,3,,
34588,3,,
34589,8,,
34590,12,,
34591,12,,
34592,12,,
34593,12,,
34595,12,,
34596,12,,
34597,2,,
34598,5,,
34599,6,,
34600,2,,
34602,8,,
34603,5,,
34604,4,,
34605,8,,
34606,5,,
34607,2,,
34608,2,,
34609,4,,
34610,9,,
34611,11,,
34612,13,,
34613,13,,
34615,11,,
34616,11,,
34617,15,,
34618,5,,
34619,5,,
34620,4,,
34621,4,,
34622,10,,
34623,2,,
34624,11,,
34625,2,,
34626,2,,
34627,0,,
34628,10,,
34629,8,,
3463,4,,
34630,11,,
34631,2,,
34632,0,,
34633,3,,
34634,8,,
34635,2,,
34636,6,,
34638,8,,
34639,9,,
34640,15,,
34641,4,,
34642,11,,
34644,5,,
34645,5,,
34647,5,,
34648,2,,
34649,14,,
34650,0,,
34651,7,,
34652,14,,
34653,7,,
34654,8,,
34655,7,,
34656,15,,
34657,11,,
34658,11,,
34659,1,,
3466,4,,
34660,0,,
34661,8,,
34663,13,,
34664,13,,
34665,6,,
34666,6,,
34667,5,,
34668,5,,
34669,15,,
34673,11,,
34674,3,,
34676,10,,
34677,9,,
34678,8,,
3468,4,,
34680,9,,
34682,15,,
34683,11,,
34684,11,,
34685,4,,
34686,15,,
34687,2,,
34688,6,,
34689,11,,
34691,11,,
34692,2,,
34693,0,,
34694,11,,
34696,4,,
34697,4,,
34698,6,,
34699,6,,
34700,6,,
34701,5,,
34702,5,,
34703,6,,
34704,6,,
34705,0,,
34706,6,,
34707,5,,
34708,5,,
34709,12,,
3471,4,,
34710,12,,
34711,12,,
34712,4,,
34713,10,,
34714,6,,
34715,0,,
34716,6,,
34717,4,,
34718,11,,
34719,8,,
34720,8,,
34721,11,,
34722,6,,
34723,8,,
34724,10,,
34725,0,,
34726,0,,
34728,10,,
34729,4,,
3473,4,,
34730,10,,
34731,10,,
34732,14,,
34733,5,,
34734,5,,
34735,5,,
34736,5,,
34738,11,,
34739,11,,
3474,4,,
34740,11,,
34741,6,,
34742,11,,
34743,1,,
34744,4,,
34745,8,,
34746,8,,
34747,0,,
34748,0,,
34749,6,,
3475,4,,
34750,5,,
34751,5,,
34752,13,,
34753,11,,
34754,3,,
34756,5,,
34757,8,,
34758,0,,
34759,5,,
3476,4,,
34760,13,,
34761,4,,
34762,10,,
34763,10,,
34764,6,,
34765,4,,
34766,10,,
34767,4,,
34768,6,,
34769,1,,
34770,5,,
34772,7,,
34775,6,,
34776,6,,
34777,6,,
34778,6,,
34779,6,,
34780,6,,
34781,4,,
34782,11,,
34783,1,,
34784,1,,
34785,5,,
34786,5,,
34787,1,,
34788,5,,
34789,2,,
34790,1,,
34791,8,,
34792,9,,
34793,6,,
34794,9,,
34795,4,,
34796,6,,
34797,11,,
34798,6,,
34799,4,,
34800,0,,
34801,5,,
34802,10,,
34803,10,,
34804,3,,
34805,0,,
34806,0,,
34807,11,,
34808,0,,
34809,0,,
34811,9,,
34812,8,,
34813,3,,
34814,4,,
34815,9,,
34816,0,,
34817,0,,
34818,9,,
34819,11,,
34820,9,,
34821,6,,
34822,0,,
34823,9,,
34824,10,,
34825,4,,
34826,13,,
34827,2,,
34828,9,,
34829,14,,
34830,15,,
34831,15,,
34832,4,,
34833,4,,
34834,11,,
34835,8,,
34836,9,,
34837,2,,2
34838,1,,
34839,9,,
34840,10,,
34841,10,,
34842,6,,
34843,9,,
34844,9,,
34845,9,,
34846,10,,
34847,9,,
34848,9,,
34850,15,,
34851,10,,
34852,9,,
34853,3,,
34854,3,,
34855,5,,
34856,4,,
34857,9,,
34858,1,,
34859,0,,
34861,2,,
34862,2,,
34863,6,,
34864,14,,
34866,0,,
34867,6,,
34868,13,,
34869,0,,
34870,1,,
34871,0,,
34872,15,,
34873,9,,
34874,0,,
34875,6,,
34876,6,,
34877,13,,
34878,5,,
34879,6,,
3488,4,,
34883,11,,
34884,11,,
34886,3,,
34889,3,,
34890,3,,
34891,3,,
34892,3,,
34893,3,,
34894,3,,
34895,3,,
34896,3,,
34897,3,,
34898,3,,
34899,6,,
34900,6,,
34902,3,,
34903,3,,
34904,3,,
34905,6,,
34907,13,,
34908,13,,
34909,9,,
34910,6,,
34911,9,,
34912,11,,
34913,2,,
34914,7,,
34915,8,,
34916,10,,
34917,8,,
34919,13,,
34920,13,,
34921,13,,
34922,13,,
34923,5,,
34924,4,,
34925,8,,
34926,5,,
34927,0,,
34928,2,,
34929,2,,
34930,2,,
34931,8,,
34932,8,,
34933,6,,
34934,0,,
34935,9,,
34936,1,,
34937,9,,
34938,0,,
34939,8,,
34940,8,,
34941,12,,
34942,8,,
34943,4,,
34945,6,,
34946,12,,
34947,1,,
34948,11,,
34949,4,,
34950,15,,
34951,5,,
34954,11,,
34955,4,,
34956,4,,
34957,9,,
34958,9,,
34959,11,,
34960,4,,
34961,12,,
34962,0,,
34963,0,,
34964,14,,
34966,5,,
34967,6,,
34969,3,,
3497,13,,
34970,3,,
34971,5,,
34972,9,,
34973,8,,
34974,8,,
34975,4,,
34976,11,,
34977,8,,
34978,4,,
34979,4,,
3498,13,,
34980,14,,
34981,14,,
34983,8,,
34985,9,,
34986,0,,
34987,7,,
34989,5,,
34990,3,,
34991,3,,
34992,10,,
34993,10,,
34994,10,,
34996,0,,
34997,5,,
34998,7,,
34999,2,,
35000,5,,
35001,9,,
35002,9,,
35003,2,,
35004,8,,
35005,5,,
35006,8,,
35007,13,,
35008,3,,
35009,0,,
35010,8,,
35011,9,,
35013,13,,
35014,9,,
35015,10,,
35016,9,,
35017,9,,
35018,10,,
35019,5,,
35020,5,,
35021,9,,
35022,0,,
35023,0,,
35024,5,,
35025,9,,
35026,5,,
35027,8,,
35028,4,,
35029,5,,
35030,4,,
35031,8,,
35032,8,,
35033,11,,11
35034,8,,
35035,6,,
35037,3,,
35038,11,,
35039,8,,
35042,5,,
35043,15,,
35044,15,,
35045,15,,
35046,8,,
35047,9,,
35048,15,,
35049,5,,
35050,11,,
35051,8,,
35052,15,,
35053,13,,
35054,13,,
35055,13,,
35056,12,,
35057,11,,
35058,8,,
35059,12,,
35060,2,,
35062,15,,
35063,8,,
35065,9,,
35066,9,,
35067,4,,
35068,4,,
35069,4,,
35070,4,,
35071,4,,
35072,4,,
35073,5,,
35074,6,,6
35076,4,,
35077,3,,
35078,9,,
3508,4,,
35081,9,,
35082,9,,
35083,9,,
35084,9,,
35088,8,,
35089,13,,
35090,13,,
35091,0,,
35092,6,,
35093,0,,
35094,0,,
35095,10,,
35096,6,,
35097,0,,
35098,0,,
35099,0,,
35100,13,,
35101,13,,
35102,13,,
35103,13,,
35104,0,,
35105,0,,
35106,0,,
35107,8,,
35110,13,,
35111,13,,
35113,4,,
35115,13,,
35116,13,,
35117,13,,
35119,13,,
35120,13,,
35121,8,,
35122,8,,
35123,11,,
35125,15,,
35126,9,,
35127,8,,
35128,8,,
35129,4,,
35130,10,,
35131,4,,
35132,8,,
35133,8,,
35134,6,,
35135,6,,
35136,6,,
35137,8,,
35138,4,,
35139,11,,
35140,0,,
35141,11,,
35142,9,,
35143,4,,
35144,4,,
35145,4,,
35146,4,,
35147,4,,
35148,4,,
35149,4,,
35150,10,,
35151,11,,
35152,7,,
35153,4,,
35154,8,,
35155,5,,
35156,3,,
35157,3,,
35159,6,,
35160,4,,
35161,5,,
35163,5,,
35164,8,,
35165,8,,
35166,15,,
35168,1,,
35172,5,,
35173,11,,
35174,8,,
35175,8,,
35176,10,,
35177,10,,
35178,10,,
35179,13,,
35180,13,,
35182,13,,
35183,13,,
35184,4,,
35186,5,,
35187,4,,
35188,15,,
35189,4,,
35190,6,,
35191,6,,
35192,6,,
35196,8,,
35197,5,,
35198,5,,
35199,6,,
35202,13,,
35203,1,,
35204,4,,
35205,9,,
35207,9,,
35209,9,,
35211,3,,
35212,11,,
35213,4,,
35214,8,,
35215,4,,
35216,9,,
35219,13,,
35220,13,,
35221,13,,
35222,13,,
35223,13,,
35224,13,,
35225,10,,
35226,9,,
35227,12,,
35228,0,,
35230,4,,
35232,4,,
35233,4,,
35235,8,,
35236,6,,
35238,5,,
35239,8,,
35240,8,,
35242,11,,
35243,11,,
35244,11,,
35245,11,,
35246,8,,
35247,8,,
35250,11,,
35251,8,,
35252,8,,
35253,8,,
35254,8,,
35256,8,,
35257,8,,
35258,8,,
35259,8,,
35260,11,,
35261,11,,
35263,3,,
35264,3,,
35265,11,,
35266,11,,
35267,8,,
35268,8,,
35269,11,,
35270,8,,
35271,8,,
35272,8,,
35273,8,,
35274,9,,
35275,9,,
35276,9,,
35277,9,,
35278,9,,
35279,9,,
35280,0,,
35281,0,,
35282,3,,
35283,3,,
35284,11,,
35285,11,,
35286,11,,
35287,11,,
35288,11,,
35289,11,,
35290,8,,
35291,9,,
35292,9,,
35293,9,,
35294,9,,
35295,9,,
35296,9,,
35297,9,,
35298,9,,
35299,9,,
35300,9,,
35301,9,,
35302,9,,
35303,9,,
35304,6,,
35305,6,,
35306,9,,
35307,0,,
35308,3,,
35309,3,,
35310,6,,
35311,6,,
35312,3,,
35313,3,,
35314,0,,
35315,0,,
35316,9,,
35317,4,,
35318,0,,
35319,0,,
35320,9,,
35322,9,,
35323,1,,
35324,1,,
35325,6,,
35326,6,,
35327,6,,
35328,6,,
35329,9,,
35330,9,,
35331,6,,
35332,6,,
35333,6,,
35335,4,,
35336,4,,
35337,4,,
35338,4,,
35339,4,,
35340,0,,
35341,0,,
35342,0,,
35343,0,,
35344,0,,
35345,10,,
35346,10,,
35347,6,,
35349,10,,
35350,10,,
35351,10,,
35352,10,,
35353,1,,
35354,1,,
35355,0,,
35356,0,,
35357,0,,
35358,0,,
35359,0,,
35360,10,,
35361,10,,
35362,10,,
35363,5,,
35364,11,,
35365,11,,
35366,11,,
35367,9,,
35368,9,,
35369,10,,
35370,10,,
35371,4,,
35372,4,,
35373,4,,
35374,8,,
35375,9,,
35376,5,,
35377,8,,
35378,8,,
35379,4,,
35380,4,,
35382,4,,
35383,9,,
35384,9,,
35385,9,,
35387,15,,
35388,6,,
35389,6,,
354,11,,
3540,4,,
35401,3,,
35402,6,,
35403,2,,
35405,3,,
35407,12,,
35409,8,,
3541,4,,
35411,3,,
35413,3,,
35415,6,,
35416,5,,
35420,14,,
35423,4,,
35426,0,,
35428,0,,
35429,14,,
35431,5,,
35432,14,,
35433,15,,
35434,15,,
35435,0,,
35436,0,,
35437,5,,
35438,5,,
35439,1,,
35440,1,,
35441,2,,
35442,2,,
35443,14,,
35444,14,,
35445,1,,
35446,1,,
35447,0,,
35448,0,,
35449,8,,
35450,9,,
35451,4,,
35452,4,,
35453,0,,
35454,0,,
35455,14,,
35456,14,,
35457,7,,
35458,7,,
35459,5,,
35460,5,,
35461,15,,
35462,15,,
35463,10,,
35464,5,,
35465,5,,
35466,9,,
35467,9,,
35468,14,,
35470,15,,
35471,1,,
35472,1,,
35474,4,,
35475,4,,
35476,6,,
35477,6,,
35478,5,,
35479,5,,
35480,0,,
35481,0,,
35482,5,,
35483,13,,
35484,9,,
35485,9,,
35486,8,,
35487,0,,
35488,0,,
35489,15,,
35490,15,,
35491,0,,
35492,0,,
35493,2,,
35494,2,,
35495,2,,
35496,2,,
35497,4,,
35498,4,,
35499,9,,
35500,9,,
35501,11,,
35502,11,,
35503,11,,
35504,11,,
35505,0,,
35506,0,,
35507,8,,
35508,8,,
35509,5,,
35510,5,,
35511,9,,
35512,9,,
35513,8,,
35514,8,,
35515,0,,
35516,0,,
35517,9,,
35518,0,,
35519,10,,
35520,8,,
35521,8,,
35522,5,,
35523,5,,
35524,0,,
35525,0,,
35526,8,,
35527,8,,
35528,0,,
35529,0,,
35531,10,,
35532,10,,
35533,1,,
35534,1,,
35535,11,,
35536,11,,
35537,15,,
35538,15,,
35539,8,,
35540,8,,
35541,3,,
35542,3,,
35543,8,,
35544,8,,
35545,8,,
35546,8,,
35547,8,,
35548,0,,
35549,0,,
35550,8,,
35551,9,,
35552,9,,
35553,8,,
35554,8,,
35555,11,,
35556,11,,
35557,8,,
35558,8,,
35559,8,,
3556,4,,
35560,8,,
35561,7,,
35562,7,,
35563,8,,
35564,8,,
35565,9,,
35566,9,,
35567,0,,
35568,0,,
35569,0,,
35570,8,,
35572,2,,
35573,9,,
35574,9,,
35575,10,,
35577,9,,
35578,3,,
35579,3,,
3558,4,,
35580,5,,
35581,11,,
35582,11,,
35583,4,,
35584,4,,
35585,8,,
35586,8,,
35588,4,,
35590,15,,
35591,11,,
35592,11,,
35593,11,,
35594,11,,
35595,1,,
35596,1,,
35598,7,,
35599,4,,
35600,4,,
35601,11,,
35602,11,,
35604,5,,
35605,9,,
35606,9,,
35607,2,,
35608,2,,
35609,11,,
35610,11,,
35611,9,,9
35612,9,,
35613,15,,
35614,15,,
35615,9,,
35616,9,,
35617,9,,
35619,5,,
35621,4,,
35622,10,,
35623,10,,
35624,14,,
35625,14,,
35626,13,,
35627,13,,
35629,8,,
35630,14,,
35631,14,,
35632,9,,
35633,9,,
35634,10,,
35635,10,,
35636,9,,
35637,9,,
35638,11,,
35639,11,,
35640,6,,
35641,6,,
35642,5,,
35643,5,,
35644,9,,
35645,9,,
35646,5,,
35647,9,,
35648,9,,
35650,5,,
35651,0,,
35652,0,,
35653,4,,
35654,4,,
35655,4,,
35656,4,,
35658,8,,
35659,8,,
3566,4,,
35660,8,,
35661,8,,
35663,5,,
35664,15,,
35665,15,,
35666,4,,
35667,13,,
35668,13,,
35669,7,,
35670,7,,
35671,8,,
35672,2,,
35673,2,,
35674,13,,
35675,8,,
35676,8,,
35678,15,,
35679,11,,
35680,11,,
35682,4,,
35684,8,,
35685,4,,
35686,4,,
35687,8,,
35688,8,,
35690,10,,
35691,8,,
35692,8,,
35693,5,,
35694,5,,
35695,5,,
35697,15,,
35699,5,,
35701,4,,
35702,5,,
35703,14,,
35704,9,,
35705,4,,
35706,4,,
35707,6,,
35708,6,,
35709,8,,
35710,8,,
35711,1,,
35713,8,,
35715,11,,
35716,9,,
35718,15,,
35719,8,,
35720,8,,
35721,0,,
35722,0,,
35724,8,,
35725,14,,
35726,14,,
35728,4,,
35729,12,,
35730,8,,
35731,8,,
35732,4,,
35733,4,,
35734,6,,
35735,6,,
35736,5,,
35737,5,,
35739,2,,
35740,4,,
35741,4,,
35742,12,,
35743,12,,
35745,15,,
35746,15,,
35747,15,,
35749,8,,
35750,15,,
35751,14,,
35752,14,,
35753,13,,
35754,13,,
35755,9,,
35758,8,,
35759,4,,
35761,15,,
35762,5,,
35763,5,,
35764,4,,
35765,4,,
35766,8,,
35767,8,,
35769,8,,
35770,9,,
35771,9,,
35772,14,,
35773,14,,
35774,12,,
35776,5,,
35777,2,,
35778,2,,
35779,15,,
35780,0,,
35781,0,,
35782,5,,
35783,5,,
35784,5,,
35785,5,,
35787,7,,
35788,13,,
35789,10,,
35790,10,,
35791,5,,
35792,5,,
35793,9,,
35794,9,,
35795,8,,
35796,8,,
35797,9,,
35798,9,,
35799,4,,
358,11,,
35801,11,,
35802,11,,
35804,15,,
35805,15,,
35806,8,,
35807,8,,
35808,9,,
35809,9,,
35811,8,,
35813,5,,
35814,4,,
35815,8,,
35816,14,,
35817,14,,
35818,11,,
35819,11,,
35820,9,,
35821,5,,
35822,5,,
35823,5,,
35824,12,,
35825,8,,
35826,8,,
35827,14,,
35828,14,,
35829,5,,
35831,15,,
35832,1,,
35833,1,,
35834,9,,
35835,5,,
35836,5,,
35837,5,,
35838,14,,
35839,14,,
35840,1,,
35841,1,,
35842,14,,
35843,14,,
35844,6,,
35845,6,,
35846,14,,
35847,14,,
35849,9,,
35850,9,,
35851,15,,
35852,4,,
35853,8,,
35854,8,,
35856,8,,
35857,8,,
35858,4,,
35859,4,,
35860,15,,
35861,15,,
35862,0,,
35863,1,,
35864,4,,
35865,8,,
35866,2,,
35867,15,,
35868,6,,
3587,4,,
35870,2,,
35871,9,,
35872,9,,
35873,6,,
35874,6,,
35875,8,,
35876,5,,
35877,5,,
35878,9,,
35879,15,,
35880,15,,
35882,4,,
35884,15,,
35886,8,,
35887,9,,
35888,9,,
35889,14,,
35890,14,,
35891,15,,
35892,15,,
35893,15,,
35894,15,,
35896,13,,
35897,1,,
35898,6,,
35899,4,,
35900,4,,
35901,8,,
35902,0,,
35903,14,,
35904,15,,
35905,15,,
35907,9,,
35908,9,,
35909,5,,
3591,4,,
35910,9,,
35912,14,,
35913,12,,
35914,15,,
35915,15,,
35916,15,,
35917,15,,
35918,15,,
35921,5,,
35922,15,,
35923,5,,
35924,5,,
35928,5,,
35930,4,,
35931,0,,
35932,0,,
35933,13,,
35934,13,,
35935,13,,
35936,12,,
35937,14,,
35938,4,,
35939,4,,
3594,4,,
35941,15,,
35943,5,,
35944,4,,
35945,4,,
35946,5,,
35947,5,,
35948,14,,
35949,14,,
3595,4,,
35950,4,,
35951,4,,
35953,8,,
35954,15,,
35955,15,,
35956,5,,
35957,5,,
35958,5,,
35959,5,,
35960,15,,
35961,14,,
35962,14,,
35963,14,,
35964,4,,
35965,4,,
35966,8,,
35967,8,,
35968,4,,
35969,4,,
35970,9,,
35971,9,,
35972,4,,
35973,4,,
35974,4,,
35975,9,,
35976,9,,
35978,10,,
35979,6,,
3598,4,,
35981,10,,
35982,10,,
35983,10,,
35985,12,,
35986,1,,
35992,5,,
35993,5,,
35994,5,,
35995,8,,
35996,8,,
35997,13,,
35998,13,,
35999,0,,
3600,4,,
36000,9,,
36001,9,,
36002,15,,
36003,15,,
36004,15,,
36005,15,,
36006,5,,
36007,5,,
36008,8,,
36010,5,,
36011,9,,
36012,9,,
36013,0,,
36014,0,,
36015,0,,
36017,9,,
36018,15,,
36019,15,,
3602,4,,
36020,15,,
36021,14,,
36022,5,,
36023,5,,
36024,5,,
36025,4,,
36026,7,,
36027,7,,
36029,5,,
36030,0,,
36031,0,,
36032,5,,
36033,4,,
36034,4,,
36035,14,,
36036,9,,
36037,9,,
36038,15,,
36039,15,,
36040,15,,
36041,15,,
36042,15,,
36043,15,,
36044,15,,
36045,8,,
36046,8,,
36047,10,,
36048,10,,
36049,0,,
36050,0,,
36052,0,,
36053,7,,
36054,7,,
36055,10,,
36056,8,,
36057,8,,
36058,8,,
36059,8,,
36061,5,,
36062,5,,
36063,8,,
36064,1,,
36065,1,,
36066,1,,
36067,2,,
36068,2,,
36069,4,,
36071,5,,
36072,15,,
36073,14,,
36074,14,,
36075,14,,
36076,8,,
36077,5,,
36078,5,,
36079,15,,
36080,15,,
36081,15,,
36083,1,,
36084,15,,
36085,15,,
36086,15,,
36087,15,,
36088,8,,
36089,1,,
36090,8,,
36091,8,,
36092,8,,
36093,8,,
36094,1,,
36095,1,,
36096,12,,
36097,15,,
36098,15,,
36099,14,,
361,9,,
36100,2,,
36101,2,,
36103,5,,
36104,15,,
36105,15,,
36107,2,,
36108,10,,
36110,3,,
36111,4,,
36112,4,,
36114,12,,
36115,5,,
36116,5,,
36117,8,,
36118,8,,
36119,8,,
36120,8,,
36121,8,,
36122,8,,
36123,1,,
36124,1,,
36126,8,,
36127,12,,
36128,12,,
36130,8,,
36132,8,,
36133,5,,
36134,5,,
36136,14,,
36137,0,,
36138,9,,
36139,9,,
36141,5,,
36142,8,,
36143,8,,
36144,0,,
36145,6,,
36146,6,,
36147,7,,
36148,7,,
36149,12,,
36150,10,,
36151,15,,
36152,4,,
36154,5,,
36155,9,,
36156,9,,
36157,8,,
36158,8,,
36159,1,,
36160,1,,
36161,7,,
36163,3,,
36164,0,,
3619,4,,
362,9,,
3620,4,,
363,9,,
364,9,,
3649,4,,
3665,4,,
3676,4,,
3679,4,,
368,9,,
3707,4,,
3709,4,,
3712,4,,
3713,4,,
3715,4,,
3733,4,,
3743,8,,
3756,0,,
3765,4,,
3766,4,,
3767,4,,
3768,4,,
3775,4,,
3777,4,,
3778,4,,
3787,4,,
379,9,,
3791,4,,
3799,10,,
3800,10,,
3803,10,,
3804,10,,
3805,10,,
3810,10,,
3813,10,,
3814,10,,
3815,4,,
3819,4,,
3822,4,,
3828,0,,
383,11,,
3830,0,,
3834,0,,
385,11,,
386,11,,
3868,13,,
3869,13,,
3874,4,,
3880,4,,
3881,4,,
3884,4,,
3887,4,,
3911,4,,
3932,4,,
3935,13,,
3939,13,,
394,9,,
3940,13,,
3942,4,,
397,9,,
3978,4,,
398,9,,
3988,4,,
40,14,,
4013,4,,
4015,4,,
402,10,,
4031,4,,
4036,11,,
404,10,,
4044,4,,
4046,4,,
405,10,,
4053,4,,
406,10,,
410,10,,
412,13,,
4125,4,,
4126,4,,
4127,4,,
4144,4,,
4147,4,,
417,13,,
4170,13,,
4179,13,,
42,14,,
4201,10,,
421,14,,
423,14,,
4238,4,,
4240,4,,
4242,4,,
4243,4,,
4244,4,,
4245,4,,
4264,4,,
4288,4,,
43,14,,
430,12,,
431,12,,
4313,4,,
4322,10,,
4323,10,,
4324,4,,
4335,13,,
4337,13,,
434,5,,
4349,2,,
4350,2,,
4361,2,,
4362,2,,
4368,4,,
4373,4,,
43761,,43761,
43762,,43762,
43763,,43763,
43764,,43764,
43765,,43765,
43766,,43766,
43767,,43767,
43768,,43768,
43769,,43769,
43770,,43770,
43771,,43771,
43772,,43772,
43773,,43773,
43774,,43774,
4378,10,,
438,5,,
439,5,,
43944,,43761,
43945,,43761,
43946,,43763,
43947,,43763,
43948,,43765,
43949,,43765,
43950,,43767,
43951,,43767,
43952,,43770,
43953,,43773,
44,14,,
4410,4,,
443,8,,
4433,9,,
4436,9,,
4437,9,,
445,8,,
4496,4,,
4546,4,,
4547,4,,
4548,4,,
4551,4,,
4552,4,,
4565,0,,
4566,0,,
4568,0,,
457,8,,
4577,10,,
4580,10,,
4583,10,,
4588,10,,
459,0,,
4593,10,,
4605,4,,
461,0,,
4639,4,,
4652,10,,
4656,10,,
4660,10,,
4661,10,,
4662,10,,
4673,10,,
469,9,,
471,9,,
472,9,,
4724,4,,
4728,13,,
4729,13,,
473,8,,
4753,10,,
4757,10,,
4758,10,,
4759,10,,
4761,10,,
4762,10,,
4766,10,,
481,9,,
482,9,,
4832,4,,
4835,4,,
4843,4,,
4844,4,,
4847,4,,
485,9,,
4854,12,,
4862,3,,
4865,4,,
4866,4,,
4867,4,,
4868,4,,
4869,4,,
4872,4,,
4877,4,,
4879,4,,
4883,4,,
4884,4,,
4885,4,,
4887,4,,
4890,4,,
4891,4,,
49,11,,
490,9,,
4907,4,,
4912,4,,
4914,4,,
4915,4,,
4920,9,,
4921,9,,
4924,3,,
4925,,43773,
4941,4,,
4950,4,,
4954,13,,
4955,13,,
4959,3,,
496,13,,
4967,9,,
4968,9,,
4974,9,,
4975,9,,
4976,9,,
4980,4,,
4982,4,,
4983,4,,
4993,11,,
4994,11,,
4997,11,,
4998,11,,
5,9,,
5001,4,,
5008,4,,
5013,9,,
502,14,,
5024,4,,
5029,4,,
5031,4,,
5038,12,,
5039,12,,
5043,4,,
5048,4,,
5056,14,,
5058,14,,
5060,14,,
5062,4,,
5076,4,,
509,14,,
5092,4,,
51,11,,
5117,11,,
5120,11,,
5121,11,,
5124,9,,
5125,9,,
5134,4,,
5135,9,,
5136,9,,
5138,9,,
5150,9,,
5151,9,,
5159,9,,
5163,14,,
5164,14,,
5166,14,,
5167,14,,
5168,14,,
5170,14,,
5171,14,,
5174,4,,
5184,4,,
5195,14,,
520,5,,
5212,13,,
5220,4,,
5223,4,,
5224,4,,
5229,4,,
5234,4,,
5236,4,,
5240,4,,
5244,4,,
525,3,,
5273,3,,
5274,3,,
5275,3,,
5277,4,,
5281,4,,
5282,4,,
5290,4,,
5293,4,,
5294,4,,
5298,4,,
530,14,,
532,14,,
5323,14,,
5326,4,,
5330,4,,
5339,14,,
5340,,43761,
5341,14,,
5361,4,,
5366,4,,
5368,4,,
5370,4,,4
5376,4,,
5377,4,,
5394,4,,
5395,4,,
5399,4,,
5415,11,,
5430,10,,
5432,4,,
5433,4,,
5434,4,,
5437,10,,
5440,10,,
5442,10,,
5445,4,,
5447,4,,
5449,4,,
5450,4,,
5453,4,,
5478,4,,
5481,4,,
549,8,,
5519,4,,
5524,4,,
5529,4,,
5533,7,,
5534,7,,
5537,4,,
5538,4,,
5542,4,,
5543,4,,
5544,4,,
5556,4,,
5563,4,,
557,5,,
5583,4,,
5586,3,,
559,5,,
5590,3,,
5597,4,,
5605,4,,
5610,4,,
5614,13,,
5619,13,,
5623,4,,
5624,4,,
5627,4,,
5637,4,,
564,5,,
565,5,,
5674,3,,
5691,4,,
5692,4,,
5698,3,,
5699,3,,
5701,3,,
5703,3,,
5704,3,,
5721,4,,
573,14,,
5730,13,,
5746,12,,
5747,12,,
5748,4,,
5755,4,,
5757,4,,
5758,4,,
5763,4,,
5782,3,,
5783,3,,
5788,4,,
5791,4,,
5794,4,,
58,4,,
580,5,,
5803,3,,
5835,4,,
584,5,,
5853,4,,
586,0,,
5860,14,,
587,0,,
5885,9,,
5887,9,,
5895,3,,
5898,3,,
59,4,,
5904,4,,
5912,4,,
5916,4,,
5917,4,,
592,0,,
5932,4,,
5951,4,,
5983,13,,
5996,13,,
5998,13,,
6,9,,
60,4,,
6012,4,,
6033,4,,
6035,4,,
6037,4,,
6039,4,,
604,11,,
6041,4,,
605,11,,
6062,14,,
6072,4,,
6077,13,,
6079,13,,
608,6,,
6083,3,,
611,9,,
6112,9,,
6116,9,,
6130,3,,
6132,3,,
6133,3,,
6136,5,,
6140,5,,
6141,5,,
6146,4,,
6151,4,,
6156,4,,
6157,4,,
6181,4,,
6185,4,,
6186,13,,
619,3,,
6194,4,,
6196,4,,
6199,8,,
6201,8,,
6206,8,,
623,8,,
624,8,,
6248,4,,
6249,4,,
6250,4,,
6259,7,,
6265,7,,
6325,4,,
6327,4,,
6328,4,,
6330,4,,
6340,4,,
6343,4,,
6352,4,,
6363,4,,
6364,4,,
637,8,,
639,8,,
6418,5,,
6419,5,,
6421,5,,
6423,5,,
6427,5,,
643,6,,
6433,13,,
644,6,,
6456,12,,
6457,12,,
6480,7,,
6485,7,,
6490,12,,
6506,12,,
651,11,,
6527,4,,
6530,4,,
6533,4,,
6536,4,,
654,4,,
656,4,,
6591,14,,
660,5,,
6605,4,,
6608,4,,
663,5,,
6637,11,,
6639,11,,
6658,14,,
666,5,,
6666,4,,
6668,4,,
6670,10,,
6671,10,,
6677,10,,
6678,10,,
6751,4,,
6755,4,,
677,10,,
6795,4,,
6826,3,,
6829,3,,
692,12,,
694,12,,
6945,8,,
6947,8,,
6949,4,,
6950,4,,
696,10,,
697,10,,
6985,4,,
699,13,,
6996,11,,
6997,11,,
7005,4,,
7006,4,,
7011,4,,
7015,4,,
7016,4,,
7017,4,,
7018,10,,
7019,10,,
7021,4,,
7056,10,,
7057,10,,
7060,15,,
707,9,,
7070,2,,
7071,2,,
7075,10,,
7078,11,,
7080,11,,
7081,11,,
7086,5,,
7089,5,,
7096,5,,
71,7,,
710,8,,
7102,10,,
7103,10,,
7104,10,,
7108,10,,
711,8,,
7117,13,,
7119,13,,
7128,2,,
7129,2,,
713,8,,
7130,2,,
7132,2,,
7136,4,,
7146,0,,
7147,0,,
7150,0,,
7151,0,,
7155,0,,
7158,0,,
7160,13,,
7161,13,,
7163,0,,
7164,6,,
7165,6,,
7168,6,,
717,8,,
7170,6,,
7174,6,,
718,8,,
7181,2,,
7184,10,,
7188,5,,
7198,0,,
7203,0,,
7207,0,,
7212,5,,
7216,5,,
7221,12,,
7222,12,,
7229,10,,
723,3,,
7230,10,,
7231,10,,
7232,10,,
7233,10,,
7262,5,,
7263,5,,
7264,5,,
7269,13,,
727,3,,
7271,13,,
7274,4,,
7275,4,,
7276,4,,
7280,13,,
7282,13,,
7285,5,,
7288,5,,
7289,5,,
7290,5,,
7291,5,,
7292,5,,
7307,4,,
7309,4,,
7318,4,,
732,14,,
733,14,,
7340,10,,
7347,4,,
7348,6,,
7351,6,,
736,14,,
7367,10,,
7369,4,,
7370,10,,
7372,10,,
7388,4,,
7394,11,,
7397,6,,
74,5,,
7400,6,,
7401,2,,
7406,2,,
7432,10,,
745,12,,
7471,4,,
7472,4,,
7473,4,,
7479,4,,
748,12,,
7480,4,,
7482,4,,
7486,4,,
749,12,,
75,5,,
750,12,,
7500,5,,
7501,5,,
7502,5,,
7503,5,,
751,12,,
7519,4,,
7531,4,,
754,12,,
7558,10,,
756,12,,
7560,4,,
757,12,,
758,12,,
7598,4,,
7600,4,,
7613,4,,
7623,4,,
7627,11,,
7628,11,,
7632,5,,
7649,11,,
7657,4,,
766,6,,
7661,0,,
7662,0,,
7673,5,,
7695,4,,
770,6,,
771,6,,
7711,13,,
7714,13,,
7730,11,,
7755,5,,
7757,5,,
7760,5,,
7761,5,,
7765,11,,
7781,5,,
7784,4,,
7785,4,,
7786,4,,
779,3,,
7790,4,,
7799,4,,
78,5,,
7804,10,,
7813,5,,
7814,5,,
784,3,,
7855,4,,
7884,4,,
79,5,,
7903,13,,
7904,13,,
7908,2,,
7920,5,,
7921,13,,
796,8,,
7960,10,,
7964,13,,
7965,13,,
7971,10,,
7972,10,,
7974,10,,
7990,14,,
7991,14,,
7992,14,,
7993,14,,
7999,10,,
80,5,,
8001,10,,
8005,10,,
802,8,,
8030,4,,
8031,4,,
8035,4,,
804,8,,
8041,5,,
8043,5,,
8045,13,,
805,8,,
806,8,,
8069,5,,
807,8,,
8070,5,,
8073,13,,
8079,5,,
808,8,,
8081,2,,
8085,4,,
8091,10,,
81,5,,
8103,5,,
8113,4,,
8139,5,,
8149,13,,
815,9,,
8157,5,,
8161,5,,
8162,5,,
8168,10,,
8169,10,,
817,9,,
8171,10,,
819,9,,
820,9,,
8202,5,,
8205,15,,
8207,15,,
8208,15,,
8209,15,,
821,1,,
8214,5,,
822,9,,
8220,5,,
8244,5,,
8246,5,,
8247,5,,
8248,5,,
8249,5,,
828,0,,
8292,10,,
8309,2,,
8314,4,,
8315,4,,
8318,4,,
8319,4,,
8321,4,,
8325,5,,
8329,5,,
8331,5,,
8378,5,,
8382,5,,
8399,11,,
8437,6,,
8470,5,,
8473,10,,
8480,10,,
8521,5,,
8522,5,,
8525,5,,
8526,5,,
8530,5,,
8554,11,,
8555,11,,
8556,11,,
8557,11,,
8558,11,,
8560,11,,
8561,11,,
8563,11,,
8566,11,,
8583,15,,
8584,15,,
8585,15,,
8591,15,,
8592,15,,
8597,15,,
8599,15,,
8600,15,,
8604,10,,
8614,5,,
8615,5,,
8619,12,,
8622,12,,
8623,12,,
8638,5,,
8644,10,,
865,5,,
8661,10,,
8669,10,,
8670,10,,
8694,6,,
87,14,,
872,6,,
8740,5,,
8742,5,,
8745,5,,
8757,10,,
8763,10,,
8768,4,,
8769,4,,
88,14,,
8804,5,,
8814,5,,
882,13,,
883,13,,
885,13,,
8857,4,,
8863,4,,
8885,13,,
8899,6,,
89,14,,
890,11,,
891,11,,
8910,5,,
8943,5,,
8945,5,,
896,13,,
8961,2,,
8971,5,,
8996,9,,
8998,9,,
8999,1,,
9006,6,,
9010,5,,
9011,4,,
9012,4,,
9016,10,,
9018,10,,
9020,10,,
9024,4,,
9025,4,,
9028,4,,
9034,3,,
9035,3,,
9037,3,,
9038,3,,
9041,3,,
9048,2,,
9054,13,,
9056,13,,
9057,13,,
9059,13,,
9060,13,,
9063,11,,
9065,11,,
9068,3,,
9069,3,,
9070,3,,
9092,3,,
9097,3,,
9099,3,,
9100,3,,
9101,3,,
9104,3,,
9110,9,,
9111,8,,
9113,5,,
9114,5,,
9119,2,,
912,13,,
9123,5,,
913,13,,
9133,4,,
9137,9,,
9149,11,,
9162,11,,
9163,11,,
9166,11,,
9169,11,,
9170,11,,
918,13,,
9185,4,,
92,14,,
920,4,,
9211,10,,
9212,10,,
9215,5,,
9218,5,,
9221,5,,
9223,10,,
9224,10,,
9226,10,,
9227,10,,
9228,10,,
9232,2,,
9234,2,,
9235,2,,
9240,4,,
9241,4,,
9243,4,,
9244,4,,
9252,10,,
9258,4,,
9261,4,,
9264,4,,
9265,4,,
9267,4,,
9269,5,,
927,9,,
9274,5,,
9275,5,,
9278,5,,
9279,5,,
928,5,,
9281,5,,
9282,5,,
9284,5,,
9285,5,,
9290,2,,
9293,2,,
93,14,,14
9300,5,,
9307,4,,
9309,4,,
9310,4,,
9314,4,,
9315,4,,
9320,4,,
933,5,,
9334,2,,
9337,5,,
9359,4,,
936,5,,
9363,4,,
9372,5,,
9376,2,,
9380,0,,
9387,5,,
9389,5,,
9390,5,,
9400,10,,
9406,4,,
9413,11,,
9415,4,,
9417,4,,
9418,4,,
9420,4,,
9427,13,,
9431,4,,
9432,4,,
9433,4,,
9436,3,,
9441,3,,
9450,5,,
9459,13,,
9465,5,,
9473,5,,
9484,5,,
9493,2,,
9509,15,,
951,6,,
9517,15,,
9521,15,,
9524,11,,
9539,5,,
9541,5,,
9553,4,,
9554,4,,
9574,5,,
9578,10,,
9584,10,,
9590,10,,
9596,15,,
9598,15,,
9600,15,,
9601,15,,
9609,5,,
961,11,,
9610,5,,
9618,4,,
9651,9,,
9654,9,,
9661,3,,
9665,2,,
9683,5,,
9697,9,,
97,5,,
9705,4,,
9710,5,,
9711,4,,
9734,2,,
9735,2,,
974,8,,
9740,2,,
9741,2,,
9743,2,,
9756,15,,
976,8,,
9762,8,,
9765,5,,
9767,5,,
9769,5,,
977,8,,
9804,10,,
9806,10,,
982,9,,
9821,10,,
9850,5,,
9852,5,,
9860,10,,
9862,3,,
9891,5,,
9898,8,,
9900,8,,
9903,8,,
9904,8,,
9911,0,,
9917,0,,
9937,5,,
9943,5,,
9947,13,,
9950,4,,
9957,15,,
9961,5,,
9966,2,,
9969,5,,
997,0,,
9970,5,,
9974,5,,
998,0,,
9992,13,,
9993,13,,
9998,4,,
9999,4,,
